{
  "avg_latency_us": 14.445864550361875,
  "build_time_seconds": 549.0279353750084,
  "cache_proxy": {
    "batch_size": 5000,
    "random_qps": 72641.95110035875,
    "repeated_qps": 77808.21238130497,
    "sequential_qps": 73592.5126568568
  },
  "dataset_name": "ecoli_k21",
  "extra_stats": {
    "actual_memory_usage_bytes": 5395274,
    "build_time_seconds": 546.716319500003,
    "built": true,
    "filter_name": "learned",
    "has_backup_filter": true,
    "inserted_keys": 4562542,
    "model_eval": {
      "accuracy": 0.5029665471670406,
      "avg_precision": 0.5731708336320258,
      "false_positive_rate": 0.006815012323156132,
      "model_false_negative_count": 4502462.0,
      "model_false_negative_rate": 0.986831902040573,
      "model_fnr": 0.9868172955446666,
      "model_fpr": 0.006815012323156132,
      "roc_auc": 0.5891205677984649,
      "selected_threshold": 0.6687089849493159,
      "target_model_fpr": 0.01,
      "threshold": 0.6687089849493159,
      "true_positive_rate": 0.013182704455333474,
      "used_fallback_selection": 0.0
    },
    "parameters": {
      "backup_false_positive_rate": 0.01,
      "k": 21,
      "model_threshold": 0.6687089849493159
    },
    "target_false_positive_rate": 0.01
  },
  "false_positive_rate": 0.0168,
  "filter_params": {
    "backup_false_positive_rate": 0.01,
    "model_threshold": 0.5
  },
  "filter_type": "learned",
  "inserted_keys": 4562542,
  "k": 21,
  "memory_per_kmer_bytes": 1.1825149226023564,
  "memory_usage_bytes": 5395274,
  "p50_latency_us": 14.445864550361875,
  "p95_latency_us": 14.445864550361875,
  "p99_latency_us": 14.445864550361875,
  "run_id": "learned_ecoli_k21_k21_2bcd7895b0_run0",
  "throughput_qps": 69223.96347506592,
  "true_positive_rate": 1.0
}