{
  "avg_latency_us": 4.076604200236034,
  "build_time_seconds": 19.73729508399265,
  "cache_proxy": {
    "batch_size": 5000,
    "random_qps": 306815.9155656745,
    "repeated_qps": 308242.66161170526,
    "sequential_qps": 306313.88880039356
  },
  "dataset_name": "ecoli_k21",
  "extra_stats": {
    "actual_memory_usage_bytes": 5466529,
    "bits_per_item": 9.585058504666916,
    "build_time_seconds": 19.736053624976194,
    "built": true,
    "filter_name": "bloom",
    "inserted_keys": 4562542,
    "parameters": {
      "expected_items": 4562542,
      "false_positive_rate": 0.01,
      "hash_seed": 7,
      "num_bits": 43732232,
      "num_hashes": 7
    },
    "target_false_positive_rate": 0.01
  },
  "false_positive_rate": 0.0117,
  "filter_params": {
    "expected_items": 4562542,
    "false_positive_rate": 0.01
  },
  "filter_type": "bloom",
  "inserted_keys": 4562542,
  "k": 21,
  "memory_per_kmer_bytes": 1.1981323130833645,
  "memory_usage_bytes": 5466529,
  "p50_latency_us": 4.076604200236034,
  "p95_latency_us": 4.076604200236034,
  "p99_latency_us": 4.076604200236034,
  "run_id": "bloom_ecoli_k21_k21_8a789e7d1e_run0",
  "throughput_qps": 245302.2051888433,
  "true_positive_rate": 1.0
}