{
  "avg_latency_us": 23.274561801614862,
  "build_time_seconds": 31.512612708029337,
  "cache_proxy": {
    "batch_size": 5000,
    "random_qps": 40873.739830403654,
    "repeated_qps": 47584.71231909841,
    "sequential_qps": 39037.07669161206
  },
  "dataset_name": "synth_k31",
  "extra_stats": {
    "actual_memory_usage_bytes": 734847,
    "build_time_seconds": 31.482225624960847,
    "built": true,
    "filter_name": "learned",
    "has_backup_filter": true,
    "has_prefilter": false,
    "inserted_keys": 399760,
    "model_eval": {
      "accuracy": 0.49972483490094055,
      "avg_precision": 0.5302079997370278,
      "false_positive_rate": 0.0,
      "model_false_negative_count": 399759.0,
      "model_false_negative_rate": 0.9999974984990995,
      "model_fnr": 0.9999833327777593,
      "model_fpr": 0.0,
      "roc_auc": 0.5369435242646471,
      "selected_threshold": 0.6824357958791182,
      "target_model_fpr": 0.001,
      "threshold": 0.6824357958791182,
      "true_positive_rate": 1.666722224074136e-05,
      "used_fallback_selection": 0.0
    },
    "parameters": {
      "backup_false_positive_rate": 0.001,
      "k": 31,
      "model_backend": "ngram_sgd",
      "model_false_positive_rate": 0.001,
      "model_threshold": 0.6824357958791182,
      "ngram_features": 4096,
      "ngram_range": [
        3,
        5
      ],
      "prefilter_false_positive_rate": null,
      "refit_model_on_full_dataset": false,
      "total_false_positive_rate": 0.001
    },
    "target_false_positive_rate": 0.001
  },
  "false_positive_rate": 0.0012,
  "filter_params": {
    "backup_false_positive_rate": 0.001,
    "model_backend": "ngram_sgd",
    "model_threshold": 0.5,
    "ngram_features": 4096,
    "ngram_range": [
      3,
      5
    ]
  },
  "filter_type": "learned",
  "inserted_keys": 399760,
  "k": 31,
  "memory_per_kmer_bytes": 1.8382204322593556,
  "memory_usage_bytes": 734847,
  "p50_latency_us": 23.32267080200836,
  "p95_latency_us": 23.32267080200836,
  "p99_latency_us": 23.32267080200836,
  "run_id": "learned_synth_k31_k31_ddf41a4ee3_run0",
  "throughput_qps": 42965.36315156821,
  "true_positive_rate": 1.0
}