{
  "avg_latency_us": 24.24437219936711,
  "build_time_seconds": 31.576433125068434,
  "cache_proxy": {
    "batch_size": 5000,
    "random_qps": 42812.37335043695,
    "repeated_qps": 43989.02753513172,
    "sequential_qps": 43204.85441087654
  },
  "dataset_name": "synth_k31",
  "extra_stats": {
    "actual_memory_usage_bytes": 974329,
    "build_time_seconds": 31.544592957943678,
    "built": true,
    "filter_name": "learned",
    "has_backup_filter": true,
    "has_prefilter": false,
    "inserted_keys": 399760,
    "model_eval": {
      "accuracy": 0.49972483490094055,
      "avg_precision": 0.5302079997370278,
      "false_positive_rate": 0.0,
      "model_false_negative_count": 399759.0,
      "model_false_negative_rate": 0.9999974984990995,
      "model_fnr": 0.9999833327777593,
      "model_fpr": 0.0,
      "roc_auc": 0.5369435242646471,
      "selected_threshold": 0.6824357958791182,
      "target_model_fpr": 0.0001,
      "threshold": 0.6824357958791182,
      "true_positive_rate": 1.666722224074136e-05,
      "used_fallback_selection": 0.0
    },
    "parameters": {
      "backup_false_positive_rate": 0.0001,
      "k": 31,
      "model_backend": "ngram_sgd",
      "model_false_positive_rate": 0.0001,
      "model_threshold": 0.6824357958791182,
      "ngram_features": 4096,
      "ngram_range": [
        3,
        5
      ],
      "prefilter_false_positive_rate": null,
      "refit_model_on_full_dataset": false,
      "total_false_positive_rate": 0.0001
    },
    "target_false_positive_rate": 0.0001
  },
  "false_positive_rate": 0.0001,
  "filter_params": {
    "backup_false_positive_rate": 0.0001,
    "model_backend": "ngram_sgd",
    "model_threshold": 0.5,
    "ngram_features": 4096,
    "ngram_range": [
      3,
      5
    ]
  },
  "filter_type": "learned",
  "inserted_keys": 399760,
  "k": 31,
  "memory_per_kmer_bytes": 2.4372848709225536,
  "memory_usage_bytes": 974329,
  "p50_latency_us": 24.161316646495834,
  "p95_latency_us": 24.161316646495834,
  "p99_latency_us": 24.161316646495834,
  "run_id": "learned_synth_k31_k31_ac13309b22_run1",
  "throughput_qps": 41246.68569582942,
  "true_positive_rate": 1.0
}