{
  "avg_latency_us": 22.87370000073376,
  "build_time_seconds": 30.346156542073004,
  "cache_proxy": {
    "batch_size": 5000,
    "random_qps": 44615.54232662124,
    "repeated_qps": 48361.57043742852,
    "sequential_qps": 43420.796533925255
  },
  "dataset_name": "synth_k31",
  "extra_stats": {
    "actual_memory_usage_bytes": 734836,
    "build_time_seconds": 30.31368612498045,
    "built": true,
    "filter_name": "learned",
    "has_backup_filter": true,
    "inserted_keys": 399760,
    "model_eval": {
      "accuracy": 0.49972483490094055,
      "avg_precision": 0.528152765646834,
      "false_positive_rate": 0.0,
      "model_false_negative_count": 399753.0,
      "model_false_negative_rate": 0.9999824894936962,
      "model_fnr": 0.9999833327777593,
      "model_fpr": 0.0,
      "roc_auc": 0.5360867824577967,
      "selected_threshold": 0.6778803685174566,
      "target_model_fpr": 0.001,
      "threshold": 0.6778803685174566,
      "true_positive_rate": 1.666722224074136e-05,
      "used_fallback_selection": 0.0
    },
    "parameters": {
      "backup_false_positive_rate": 0.001,
      "k": 31,
      "model_backend": "ngram_sgd",
      "model_threshold": 0.6778803685174566,
      "ngram_features": 4096,
      "ngram_range": [
        3,
        5
      ]
    },
    "target_false_positive_rate": 0.001
  },
  "false_positive_rate": 0.0008,
  "filter_params": {
    "backup_false_positive_rate": 0.001,
    "model_backend": "ngram_sgd",
    "model_threshold": 0.5,
    "ngram_features": 4096,
    "ngram_range": [
      3,
      5
    ]
  },
  "filter_type": "learned",
  "inserted_keys": 399760,
  "k": 31,
  "memory_per_kmer_bytes": 1.8381929157494497,
  "memory_usage_bytes": 734836,
  "p50_latency_us": 22.805831249570474,
  "p95_latency_us": 22.805831249570474,
  "p99_latency_us": 22.805831249570474,
  "run_id": "learned_synth_k31_k31_ddf41a4ee3_run2",
  "throughput_qps": 43718.33153219292,
  "true_positive_rate": 1.0
}