{
  "avg_latency_us": 13.920354852840925,
  "build_time_seconds": 18.915550083038397,
  "cache_proxy": {
    "batch_size": 5000,
    "random_qps": 78950.50230144213,
    "repeated_qps": 83989.5995874436,
    "sequential_qps": 72493.27357726647
  },
  "dataset_name": "synth_k31",
  "extra_stats": {
    "actual_memory_usage_bytes": 958977,
    "build_time_seconds": 18.886096708010882,
    "built": true,
    "filter_name": "learned",
    "has_backup_filter": true,
    "inserted_keys": 399760,
    "model_eval": {
      "accuracy": 0.49972483490094055,
      "avg_precision": 0.5121040076779171,
      "false_positive_rate": 0.0,
      "model_false_negative_count": 399759.0,
      "model_false_negative_rate": 0.9999974984990995,
      "model_fnr": 0.9999833327777593,
      "model_fpr": 0.0,
      "roc_auc": 0.5132758977832772,
      "selected_threshold": 0.5637987473957508,
      "target_model_fpr": 0.0001,
      "threshold": 0.5637987473957508,
      "true_positive_rate": 1.666722224074136e-05,
      "used_fallback_selection": 0.0
    },
    "parameters": {
      "backup_false_positive_rate": 0.0001,
      "k": 31,
      "model_threshold": 0.5637987473957508
    },
    "target_false_positive_rate": 0.0001
  },
  "false_positive_rate": 0.0001,
  "filter_params": {
    "backup_false_positive_rate": 0.0001,
    "model_threshold": 0.5
  },
  "filter_type": "learned",
  "inserted_keys": 399760,
  "k": 31,
  "memory_per_kmer_bytes": 2.3988818290974585,
  "memory_usage_bytes": 958977,
  "p50_latency_us": 13.664695800980553,
  "p95_latency_us": 13.664695800980553,
  "p99_latency_us": 13.664695800980553,
  "run_id": "learned_synth_k31_k31_9a0192be26_run0",
  "throughput_qps": 71837.24916293463,
  "true_positive_rate": 1.0
}