{
  "avg_latency_us": 22.650631266878918,
  "build_time_seconds": 30.20438604208175,
  "cache_proxy": {
    "batch_size": 5000,
    "random_qps": 45486.38013542005,
    "repeated_qps": 48132.37696397395,
    "sequential_qps": 45349.77701480355
  },
  "dataset_name": "synth_k31",
  "extra_stats": {
    "actual_memory_usage_bytes": 734836,
    "build_time_seconds": 30.175122375017963,
    "built": true,
    "filter_name": "learned",
    "has_backup_filter": true,
    "inserted_keys": 399760,
    "model_eval": {
      "accuracy": 0.49972483490094055,
      "avg_precision": 0.528152765646834,
      "false_positive_rate": 0.0,
      "model_false_negative_count": 399753.0,
      "model_false_negative_rate": 0.9999824894936962,
      "model_fnr": 0.9999833327777593,
      "model_fpr": 0.0,
      "roc_auc": 0.5360867824577967,
      "selected_threshold": 0.6778803685174566,
      "target_model_fpr": 0.001,
      "threshold": 0.6778803685174566,
      "true_positive_rate": 1.666722224074136e-05,
      "used_fallback_selection": 0.0
    },
    "parameters": {
      "backup_false_positive_rate": 0.001,
      "k": 31,
      "model_backend": "ngram_sgd",
      "model_threshold": 0.6778803685174566,
      "ngram_features": 4096,
      "ngram_range": [
        3,
        5
      ]
    },
    "target_false_positive_rate": 0.001
  },
  "false_positive_rate": 0.0007,
  "filter_params": {
    "backup_false_positive_rate": 0.001,
    "model_backend": "ngram_sgd",
    "model_threshold": 0.5,
    "ngram_features": 4096,
    "ngram_range": [
      3,
      5
    ]
  },
  "filter_type": "learned",
  "inserted_keys": 399760,
  "k": 31,
  "memory_per_kmer_bytes": 1.8381929157494497,
  "memory_usage_bytes": 734836,
  "p50_latency_us": 22.631635452853516,
  "p95_latency_us": 22.631635452853516,
  "p99_latency_us": 22.631635452853516,
  "run_id": "learned_synth_k31_k31_ddf41a4ee3_run1",
  "throughput_qps": 44148.87992381293,
  "true_positive_rate": 1.0
}