{
  "avg_latency_us": 3.6964833008823916,
  "build_time_seconds": 16.591193583997665,
  "cache_proxy": {
    "batch_size": 5000,
    "random_qps": 289322.08814354124,
    "repeated_qps": 335091.32648486964,
    "sequential_qps": 277151.1899882927
  },
  "dataset_name": "ecoli_k31",
  "extra_stats": {
    "actual_memory_usage_bytes": 13631488,
    "build_time_seconds": 16.11678783397656,
    "built": true,
    "filter_name": "cuckoo",
    "fingerprint_only_false_positive_rate": 0.0001220703125,
    "inserted_keys": 4570839,
    "insertion_failures": 0,
    "load_factor": 0.5448864698410034,
    "parameters": {
      "bucket_count": 2097152,
      "bucket_size": 4,
      "capacity": 4570839,
      "fingerprint_bits": 13,
      "max_relocations": 500,
      "random_seed": 7
    },
    "target_false_positive_rate": 0.0009765625
  },
  "false_positive_rate": 0.0005,
  "filter_params": {
    "bucket_size": 4,
    "capacity": 4570839,
    "false_positive_rate": 0.001,
    "fingerprint_bits": 13
  },
  "filter_type": "cuckoo",
  "inserted_keys": 4570839,
  "k": 31,
  "memory_per_kmer_bytes": 2.982272619971957,
  "memory_usage_bytes": 13631488,
  "p50_latency_us": 3.6964833008823916,
  "p95_latency_us": 3.6964833008823916,
  "p99_latency_us": 3.6964833008823916,
  "run_id": "cuckoo_ecoli_k31_k31_e4d7ea6e69_run0",
  "throughput_qps": 270527.39552787616,
  "true_positive_rate": 1.0
}