{
  "avg_latency_us": 2.415699317740897,
  "build_time_seconds": 1.0375488749705255,
  "cache_proxy": {
    "batch_size": 5000,
    "random_qps": 347122.4473074821,
    "repeated_qps": 470154.97144685336,
    "sequential_qps": 340624.9171612266
  },
  "dataset_name": "synth_k21",
  "extra_stats": {
    "actual_memory_usage_bytes": 917504,
    "build_time_seconds": 0.9902041659224778,
    "built": true,
    "filter_name": "cuckoo",
    "inserted_keys": 399840,
    "insertion_failures": 0,
    "load_factor": 0.76263427734375,
    "parameters": {
      "bucket_count": 131072,
      "bucket_size": 4,
      "capacity": 399840,
      "fingerprint_bits": 14,
      "max_relocations": 500,
      "random_seed": 7
    },
    "target_false_positive_rate": 6.103515625e-05
  },
  "false_positive_rate": 0.0003,
  "filter_params": {
    "capacity": 399840,
    "fingerprint_bits": 14
  },
  "filter_type": "cuckoo",
  "inserted_keys": 399840,
  "k": 21,
  "memory_per_kmer_bytes": 2.2946778711484592,
  "memory_usage_bytes": 917504,
  "p50_latency_us": 2.4135750019922853,
  "p95_latency_us": 2.4135750019922853,
  "p99_latency_us": 2.4135750019922853,
  "run_id": "cuckoo_synth_k21_k21_5285c52c59_run0",
  "throughput_qps": 413958.8038362223,
  "true_positive_rate": 1.0
}