{
  "avg_latency_us": 3.2695756817702204,
  "build_time_seconds": 1.0485312920063734,
  "cache_proxy": {
    "batch_size": 5000,
    "random_qps": 338021.19140635454,
    "repeated_qps": 486031.317290129,
    "sequential_qps": 323108.7437465224
  },
  "dataset_name": "synth_k21",
  "extra_stats": {
    "actual_memory_usage_bytes": 786432,
    "build_time_seconds": 1.019665666972287,
    "built": true,
    "filter_name": "cuckoo",
    "inserted_keys": 399840,
    "insertion_failures": 0,
    "load_factor": 0.76263427734375,
    "parameters": {
      "bucket_count": 131072,
      "bucket_size": 4,
      "capacity": 399840,
      "fingerprint_bits": 12,
      "max_relocations": 500,
      "random_seed": 7
    },
    "target_false_positive_rate": 0.000244140625
  },
  "false_positive_rate": 0.0011,
  "filter_params": {
    "capacity": 399840,
    "fingerprint_bits": 12
  },
  "filter_type": "cuckoo",
  "inserted_keys": 399840,
  "k": 21,
  "memory_per_kmer_bytes": 1.9668667466986796,
  "memory_usage_bytes": 786432,
  "p50_latency_us": 3.1989228969905525,
  "p95_latency_us": 3.1989228969905525,
  "p99_latency_us": 3.1989228969905525,
  "run_id": "cuckoo_synth_k21_k21_db8a32d5c6_run0",
  "throughput_qps": 305850.0849439209,
  "true_positive_rate": 1.0
}