{
  "avg_latency_us": 2.6831527842053524,
  "build_time_seconds": 1.02398179192096,
  "cache_proxy": {
    "batch_size": 5000,
    "random_qps": 452092.6344265054,
    "repeated_qps": 499395.8790150649,
    "sequential_qps": 447308.8917311359
  },
  "dataset_name": "synth_k21",
  "extra_stats": {
    "actual_memory_usage_bytes": 786432,
    "build_time_seconds": 0.974309082957916,
    "built": true,
    "filter_name": "cuckoo",
    "inserted_keys": 399840,
    "insertion_failures": 0,
    "load_factor": 0.76263427734375,
    "parameters": {
      "bucket_count": 131072,
      "bucket_size": 4,
      "capacity": 399840,
      "fingerprint_bits": 12,
      "max_relocations": 500,
      "random_seed": 7
    },
    "target_false_positive_rate": 0.000244140625
  },
  "false_positive_rate": 0.0023,
  "filter_params": {
    "capacity": 399840,
    "fingerprint_bits": 12
  },
  "filter_type": "cuckoo",
  "inserted_keys": 399840,
  "k": 21,
  "memory_per_kmer_bytes": 1.9668667466986796,
  "memory_usage_bytes": 786432,
  "p50_latency_us": 2.6809707982465625,
  "p95_latency_us": 2.6809707982465625,
  "p99_latency_us": 2.6809707982465625,
  "run_id": "cuckoo_synth_k21_k21_db8a32d5c6_run2",
  "throughput_qps": 372695.88444109494,
  "true_positive_rate": 1.0
}