{
  "avg_latency_us": 3.0266798838662603,
  "build_time_seconds": 1.0818077080184594,
  "cache_proxy": {
    "batch_size": 5000,
    "random_qps": 313763.77435588534,
    "repeated_qps": 478895.98192656215,
    "sequential_qps": 329555.34672900976
  },
  "dataset_name": "synth_k21",
  "extra_stats": {
    "actual_memory_usage_bytes": 917504,
    "build_time_seconds": 1.050651833997108,
    "built": true,
    "filter_name": "cuckoo",
    "inserted_keys": 399840,
    "insertion_failures": 0,
    "load_factor": 0.76263427734375,
    "parameters": {
      "bucket_count": 131072,
      "bucket_size": 4,
      "capacity": 399840,
      "fingerprint_bits": 14,
      "max_relocations": 500,
      "random_seed": 7
    },
    "target_false_positive_rate": 6.103515625e-05
  },
  "false_positive_rate": 0.0002,
  "filter_params": {
    "capacity": 399840,
    "fingerprint_bits": 14
  },
  "filter_type": "cuckoo",
  "inserted_keys": 399840,
  "k": 21,
  "memory_per_kmer_bytes": 2.2946778711484592,
  "memory_usage_bytes": 917504,
  "p50_latency_us": 3.0473833496216685,
  "p95_latency_us": 3.0473833496216685,
  "p99_latency_us": 3.0473833496216685,
  "run_id": "cuckoo_synth_k21_k21_5285c52c59_run1",
  "throughput_qps": 330395.0329635147,
  "true_positive_rate": 1.0
}