{
  "avg_latency_us": 2.6793798664584756,
  "build_time_seconds": 1.1173397089587525,
  "cache_proxy": {
    "batch_size": 5000,
    "random_qps": 396560.9385092174,
    "repeated_qps": 449230.6848684635,
    "sequential_qps": 342146.4564318723
  },
  "dataset_name": "synth_k21",
  "extra_stats": {
    "actual_memory_usage_bytes": 1114112,
    "build_time_seconds": 1.0869337499607354,
    "built": true,
    "filter_name": "cuckoo",
    "fingerprint_only_false_positive_rate": 7.62939453125e-06,
    "inserted_keys": 399840,
    "insertion_failures": 0,
    "load_factor": 0.76263427734375,
    "parameters": {
      "bucket_count": 131072,
      "bucket_size": 4,
      "capacity": 399840,
      "fingerprint_bits": 17,
      "max_relocations": 500,
      "random_seed": 7
    },
    "target_false_positive_rate": 6.103515625e-05
  },
  "false_positive_rate": 0.0001,
  "filter_params": {
    "bucket_size": 4,
    "capacity": 399840,
    "false_positive_rate": 0.0001,
    "fingerprint_bits": 17
  },
  "filter_type": "cuckoo",
  "inserted_keys": 399840,
  "k": 21,
  "memory_per_kmer_bytes": 2.786394557823129,
  "memory_usage_bytes": 1114112,
  "p50_latency_us": 2.6431603997480124,
  "p95_latency_us": 2.6431603997480124,
  "p99_latency_us": 2.6431603997480124,
  "run_id": "cuckoo_synth_k21_k21_a5029ee0d5_run2",
  "throughput_qps": 373220.68905510224,
  "true_positive_rate": 1.0
}