{
  "avg_latency_us": 3.128602084082862,
  "build_time_seconds": 1.0921384160174057,
  "cache_proxy": {
    "batch_size": 5000,
    "random_qps": 336470.29765005445,
    "repeated_qps": 495361.5006216113,
    "sequential_qps": 340372.0921626971
  },
  "dataset_name": "synth_k21",
  "extra_stats": {
    "actual_memory_usage_bytes": 917504,
    "build_time_seconds": 1.0606614170828834,
    "built": true,
    "filter_name": "cuckoo",
    "inserted_keys": 399840,
    "insertion_failures": 0,
    "load_factor": 0.76263427734375,
    "parameters": {
      "bucket_count": 131072,
      "bucket_size": 4,
      "capacity": 399840,
      "fingerprint_bits": 14,
      "max_relocations": 500,
      "random_seed": 7
    },
    "target_false_positive_rate": 6.103515625e-05
  },
  "false_positive_rate": 0.0005,
  "filter_params": {
    "capacity": 399840,
    "fingerprint_bits": 14
  },
  "filter_type": "cuckoo",
  "inserted_keys": 399840,
  "k": 21,
  "memory_per_kmer_bytes": 2.2946778711484592,
  "memory_usage_bytes": 917504,
  "p50_latency_us": 3.1395250058267266,
  "p95_latency_us": 3.1395250058267266,
  "p99_latency_us": 3.1395250058267266,
  "run_id": "cuckoo_synth_k21_k21_5285c52c59_run2",
  "throughput_qps": 319631.57126552454,
  "true_positive_rate": 1.0
}