{
  "avg_latency_us": 2.560856934481611,
  "build_time_seconds": 1.0023053330369294,
  "cache_proxy": {
    "batch_size": 5000,
    "random_qps": 456537.62024419085,
    "repeated_qps": 485708.6845046113,
    "sequential_qps": 449143.25413085177
  },
  "dataset_name": "synth_k21",
  "extra_stats": {
    "actual_memory_usage_bytes": 786432,
    "build_time_seconds": 0.9746653749607503,
    "built": true,
    "filter_name": "cuckoo",
    "inserted_keys": 399840,
    "insertion_failures": 0,
    "load_factor": 0.76263427734375,
    "parameters": {
      "bucket_count": 131072,
      "bucket_size": 4,
      "capacity": 399840,
      "fingerprint_bits": 12,
      "max_relocations": 500,
      "random_seed": 7
    },
    "target_false_positive_rate": 0.000244140625
  },
  "false_positive_rate": 0.0018,
  "filter_params": {
    "capacity": 399840,
    "fingerprint_bits": 12
  },
  "filter_type": "cuckoo",
  "inserted_keys": 399840,
  "k": 21,
  "memory_per_kmer_bytes": 1.9668667466986796,
  "memory_usage_bytes": 786432,
  "p50_latency_us": 2.4924833502154797,
  "p95_latency_us": 2.4924833502154797,
  "p99_latency_us": 2.4924833502154797,
  "run_id": "cuckoo_synth_k21_k21_db8a32d5c6_run1",
  "throughput_qps": 390494.285930279,
  "true_positive_rate": 1.0
}