{
  "avg_latency_us": 2.372690965421498,
  "build_time_seconds": 1.0299708750098944,
  "cache_proxy": {
    "batch_size": 5000,
    "random_qps": 417227.3148268258,
    "repeated_qps": 494111.1658193251,
    "sequential_qps": 388666.484909531
  },
  "dataset_name": "synth_k21",
  "extra_stats": {
    "actual_memory_usage_bytes": 524288,
    "build_time_seconds": 1.001777375000529,
    "built": true,
    "filter_name": "cuckoo",
    "inserted_keys": 399840,
    "insertion_failures": 0,
    "load_factor": 0.76263427734375,
    "parameters": {
      "bucket_count": 131072,
      "bucket_size": 4,
      "capacity": 399840,
      "fingerprint_bits": 8,
      "max_relocations": 500,
      "random_seed": 7
    },
    "target_false_positive_rate": 0.00390625
  },
  "false_positive_rate": 0.0257,
  "filter_params": {
    "capacity": 399840,
    "fingerprint_bits": 8
  },
  "filter_type": "cuckoo",
  "inserted_keys": 399840,
  "k": 21,
  "memory_per_kmer_bytes": 1.3112444977991196,
  "memory_usage_bytes": 524288,
  "p50_latency_us": 2.3761687509249896,
  "p95_latency_us": 2.3761687509249896,
  "p99_latency_us": 2.3761687509249896,
  "run_id": "cuckoo_synth_k21_k21_eb4156d575_run2",
  "throughput_qps": 421462.38788512204,
  "true_positive_rate": 1.0
}