{
  "avg_latency_us": 24.260831299761776,
  "build_time_seconds": 104.48170329199638,
  "cache_proxy": {
    "batch_size": 5000,
    "random_qps": 42492.08521957945,
    "repeated_qps": 42925.80882161522,
    "sequential_qps": 42154.008927995084
  },
  "dataset_name": "borreliella_burgdorferi_k21",
  "extra_stats": {
    "actual_memory_usage_bytes": 2419501,
    "build_time_seconds": 104.07182525002281,
    "built": true,
    "filter_name": "learned",
    "has_backup_filter": true,
    "inserted_keys": 1337144,
    "model_eval": {
      "accuracy": 0.5003477562864116,
      "avg_precision": 0.6910360604588199,
      "false_positive_rate": 0.0,
      "model_false_negative_count": 1337137.0,
      "model_false_negative_rate": 0.9999947649617393,
      "model_fnr": 0.9999950108016145,
      "model_fpr": 0.0,
      "roc_auc": 0.7087447509757041,
      "selected_threshold": 0.8841349003821756,
      "target_model_fpr": 0.001,
      "threshold": 0.8841349003821756,
      "true_positive_rate": 4.9891983854954025e-06,
      "used_fallback_selection": 0.0
    },
    "parameters": {
      "backup_false_positive_rate": 0.001,
      "k": 21,
      "model_backend": "ngram_sgd",
      "model_threshold": 0.8841349003821756,
      "ngram_features": 4096,
      "ngram_range": [
        3,
        5
      ]
    },
    "target_false_positive_rate": 0.001
  },
  "false_positive_rate": 0.0012,
  "filter_params": {
    "backup_false_positive_rate": 0.001,
    "model_backend": "ngram_sgd",
    "model_threshold": 0.5,
    "ngram_features": 4096,
    "ngram_range": [
      3,
      5
    ]
  },
  "filter_type": "learned",
  "inserted_keys": 1337144,
  "k": 21,
  "memory_per_kmer_bytes": 1.809454329526214,
  "memory_usage_bytes": 2419501,
  "p50_latency_us": 24.260831299761776,
  "p95_latency_us": 24.260831299761776,
  "p99_latency_us": 24.260831299761776,
  "run_id": "learned_borreliella_burgdorferi_k21_k21_ddf41a4ee3_run0",
  "throughput_qps": 41218.70300502932,
  "true_positive_rate": 1.0
}