{
  "avg_latency_us": 24.389168749621604,
  "build_time_seconds": 103.26568870898336,
  "cache_proxy": {
    "batch_size": 5000,
    "random_qps": 42490.35001023733,
    "repeated_qps": 44453.197968118446,
    "sequential_qps": 42736.28049750492
  },
  "dataset_name": "borreliella_burgdorferi_k21",
  "extra_stats": {
    "actual_memory_usage_bytes": 3220503,
    "build_time_seconds": 102.85319066597731,
    "built": true,
    "filter_name": "learned",
    "has_backup_filter": true,
    "inserted_keys": 1337144,
    "model_eval": {
      "accuracy": 0.5003477562864116,
      "avg_precision": 0.6918672171950031,
      "false_positive_rate": 0.0,
      "model_false_negative_count": 1337124.0,
      "model_false_negative_rate": 0.9999850427478267,
      "model_fnr": 0.9999950108016145,
      "model_fpr": 0.0,
      "roc_auc": 0.7088648040372594,
      "selected_threshold": 0.8709686991179137,
      "target_model_fpr": 0.0001,
      "threshold": 0.8709686991179137,
      "true_positive_rate": 4.9891983854954025e-06,
      "used_fallback_selection": 0.0
    },
    "parameters": {
      "backup_false_positive_rate": 0.0001,
      "k": 21,
      "model_backend": "ngram_sgd",
      "model_threshold": 0.8709686991179137,
      "ngram_features": 4096,
      "ngram_range": [
        3,
        5
      ]
    },
    "target_false_positive_rate": 0.0001
  },
  "false_positive_rate": 0.0003,
  "filter_params": {
    "backup_false_positive_rate": 0.0001,
    "model_backend": "ngram_sgd",
    "model_threshold": 0.5,
    "ngram_features": 4096,
    "ngram_range": [
      3,
      5
    ]
  },
  "filter_type": "learned",
  "inserted_keys": 1337144,
  "k": 21,
  "memory_per_kmer_bytes": 2.4084937747916455,
  "memory_usage_bytes": 3220503,
  "p50_latency_us": 24.389168749621604,
  "p95_latency_us": 24.389168749621604,
  "p99_latency_us": 24.389168749621604,
  "run_id": "learned_borreliella_burgdorferi_k21_k21_ac13309b22_run0",
  "throughput_qps": 41001.80741155907,
  "true_positive_rate": 1.0
}