{
  "avg_latency_us": 3.817191650159657,
  "build_time_seconds": 5.017106874991441,
  "cache_proxy": {
    "batch_size": 5000,
    "random_qps": 296436.0912481409,
    "repeated_qps": 321072.24763672455,
    "sequential_qps": 295628.8846517018
  },
  "dataset_name": "borreliella_burgdorferi_k31",
  "extra_stats": {
    "actual_memory_usage_bytes": 3407872,
    "build_time_seconds": 4.838721999985864,
    "built": true,
    "filter_name": "cuckoo",
    "fingerprint_only_false_positive_rate": 0.0001220703125,
    "inserted_keys": 1356486,
    "insertion_failures": 0,
    "load_factor": 0.6468229293823242,
    "parameters": {
      "bucket_count": 524288,
      "bucket_size": 4,
      "capacity": 1356486,
      "fingerprint_bits": 13,
      "max_relocations": 500,
      "random_seed": 7
    },
    "target_false_positive_rate": 0.0009765625
  },
  "false_positive_rate": 0.0003,
  "filter_params": {
    "bucket_size": 4,
    "capacity": 1356486,
    "false_positive_rate": 0.001,
    "fingerprint_bits": 13
  },
  "filter_type": "cuckoo",
  "inserted_keys": 1356486,
  "k": 31,
  "memory_per_kmer_bytes": 2.5122795222361307,
  "memory_usage_bytes": 3407872,
  "p50_latency_us": 3.817191650159657,
  "p95_latency_us": 3.817191650159657,
  "p99_latency_us": 3.817191650159657,
  "run_id": "cuckoo_borreliella_burgdorferi_k31_k31_c50485223d_run0",
  "throughput_qps": 261972.69921151962,
  "true_positive_rate": 1.0
}