{
  "avg_latency_us": 3.7959291992592625,
  "build_time_seconds": 5.052654041995993,
  "cache_proxy": {
    "batch_size": 5000,
    "random_qps": 295762.4633024506,
    "repeated_qps": 317690.3185190839,
    "sequential_qps": 294323.96223771514
  },
  "dataset_name": "borreliella_burgdorferi_k31",
  "extra_stats": {
    "actual_memory_usage_bytes": 4456448,
    "build_time_seconds": 4.872659042011946,
    "built": true,
    "filter_name": "cuckoo",
    "fingerprint_only_false_positive_rate": 7.62939453125e-06,
    "inserted_keys": 1356486,
    "insertion_failures": 0,
    "load_factor": 0.6468229293823242,
    "parameters": {
      "bucket_count": 524288,
      "bucket_size": 4,
      "capacity": 1356486,
      "fingerprint_bits": 17,
      "max_relocations": 500,
      "random_seed": 7
    },
    "target_false_positive_rate": 6.103515625e-05
  },
  "false_positive_rate": 0.0001,
  "filter_params": {
    "bucket_size": 4,
    "capacity": 1356486,
    "false_positive_rate": 0.0001,
    "fingerprint_bits": 17
  },
  "filter_type": "cuckoo",
  "inserted_keys": 1356486,
  "k": 31,
  "memory_per_kmer_bytes": 3.285288606001094,
  "memory_usage_bytes": 4456448,
  "p50_latency_us": 3.7959291992592625,
  "p95_latency_us": 3.7959291992592625,
  "p99_latency_us": 3.7959291992592625,
  "run_id": "cuckoo_borreliella_burgdorferi_k31_k31_319e3c1ea5_run0",
  "throughput_qps": 263440.1084707112,
  "true_positive_rate": 1.0
}