{
  "avg_latency_us": 2.7644437504932284,
  "build_time_seconds": 3.8924435840453953,
  "cache_proxy": {
    "batch_size": 5000,
    "random_qps": 380289.1952382141,
    "repeated_qps": 449462.33493348263,
    "sequential_qps": 360818.34054738417
  },
  "dataset_name": "borreliella_burgdorferi_k31",
  "extra_stats": {
    "actual_memory_usage_bytes": 3407872,
    "build_time_seconds": 3.7654852910200134,
    "built": true,
    "filter_name": "cuckoo",
    "fingerprint_only_false_positive_rate": 0.0001220703125,
    "inserted_keys": 1356486,
    "insertion_failures": 0,
    "load_factor": 0.6468229293823242,
    "parameters": {
      "bucket_count": 524288,
      "bucket_size": 4,
      "capacity": 1356486,
      "fingerprint_bits": 13,
      "max_relocations": 500,
      "random_seed": 7
    },
    "target_false_positive_rate": 0.0009765625
  },
  "false_positive_rate": 0.0004,
  "filter_params": {
    "bucket_size": 4,
    "capacity": 1356486,
    "false_positive_rate": 0.001,
    "fingerprint_bits": 13
  },
  "filter_type": "cuckoo",
  "inserted_keys": 1356486,
  "k": 31,
  "memory_per_kmer_bytes": 2.5122795222361307,
  "memory_usage_bytes": 3407872,
  "p50_latency_us": 2.7644437504932284,
  "p95_latency_us": 2.7644437504932284,
  "p99_latency_us": 2.7644437504932284,
  "run_id": "cuckoo_borreliella_burgdorferi_k31_k31_c50485223d_run0",
  "throughput_qps": 361736.42521088786,
  "true_positive_rate": 1.0
}