{
  "avg_latency_us": 3.6505354568362236,
  "build_time_seconds": 16.034822167013772,
  "cache_proxy": {
    "batch_size": 5000,
    "random_qps": 385500.47412431554,
    "repeated_qps": 366387.6021521507,
    "sequential_qps": 374880.1221998053
  },
  "dataset_name": "bacillus_subtilis_k15",
  "extra_stats": {
    "actual_memory_usage_bytes": 4951295,
    "bits_per_item": 9.585058575766647,
    "build_time_seconds": 16.034395499969833,
    "built": true,
    "filter_name": "bloom",
    "inserted_keys": 4132511,
    "parameters": {
      "expected_items": 4132511,
      "false_positive_rate": 0.01,
      "hash_seed": 7,
      "num_bits": 39610360,
      "num_hashes": 7
    },
    "target_false_positive_rate": 0.01
  },
  "false_positive_rate": 0.0102,
  "filter_params": {
    "expected_items": 4132511,
    "false_positive_rate": 0.01
  },
  "filter_type": "bloom",
  "inserted_keys": 4132511,
  "k": 15,
  "memory_per_kmer_bytes": 1.1981323219708309,
  "memory_usage_bytes": 4951295,
  "p50_latency_us": 3.6505354568362236,
  "p95_latency_us": 3.6505354568362236,
  "p99_latency_us": 3.6505354568362236,
  "run_id": "bloom_bacillus_subtilis_k15_k15_94a206d449_run0",
  "throughput_qps": 273932.41671638517,
  "true_positive_rate": 1.0
}