{
  "avg_latency_us": 3.7495771000976674,
  "build_time_seconds": 17.625901333987713,
  "cache_proxy": {
    "batch_size": 5000,
    "random_qps": 309143.4365083576,
    "repeated_qps": 314529.9696723122,
    "sequential_qps": 293370.79989684286
  },
  "dataset_name": "bacillus_subtilis_k15",
  "extra_stats": {
    "actual_memory_usage_bytes": 4951295,
    "bits_per_item": 9.585058575766647,
    "build_time_seconds": 17.624809999979334,
    "built": true,
    "filter_name": "bloom",
    "inserted_keys": 4132511,
    "parameters": {
      "expected_items": 4132511,
      "false_positive_rate": 0.01,
      "hash_seed": 7,
      "num_bits": 39610360,
      "num_hashes": 7
    },
    "target_false_positive_rate": 0.01
  },
  "false_positive_rate": 0.0108,
  "filter_params": {
    "expected_items": 4132511,
    "false_positive_rate": 0.01
  },
  "filter_type": "bloom",
  "inserted_keys": 4132511,
  "k": 15,
  "memory_per_kmer_bytes": 1.1981323219708309,
  "memory_usage_bytes": 4951295,
  "p50_latency_us": 3.7495771000976674,
  "p95_latency_us": 3.7495771000976674,
  "p99_latency_us": 3.7495771000976674,
  "run_id": "bloom_bacillus_subtilis_k15_k15_94a206d449_run0",
  "throughput_qps": 266696.7429404112,
  "true_positive_rate": 1.0
}