{
  "avg_latency_us": 4.401095805224031,
  "build_time_seconds": 24.690656000049785,
  "cache_proxy": {
    "batch_size": 5000,
    "random_qps": 359785.2142145645,
    "repeated_qps": 389742.00216930505,
    "sequential_qps": 357851.45351132756
  },
  "dataset_name": "bacillus_subtilis_k15",
  "extra_stats": {
    "actual_memory_usage_bytes": 9902590,
    "bits_per_item": 19.170116909549666,
    "build_time_seconds": 24.68986312497873,
    "built": true,
    "filter_name": "bloom",
    "inserted_keys": 4132511,
    "parameters": {
      "expected_items": 4132511,
      "false_positive_rate": 0.0001,
      "hash_seed": 7,
      "num_bits": 79220719,
      "num_hashes": 13
    },
    "target_false_positive_rate": 0.0001
  },
  "false_positive_rate": 0.0001,
  "filter_params": {
    "expected_items": 4132511,
    "false_positive_rate": 0.0001
  },
  "filter_type": "bloom",
  "inserted_keys": 4132511,
  "k": 15,
  "memory_per_kmer_bytes": 2.3962646439416617,
  "memory_usage_bytes": 9902590,
  "p50_latency_us": 4.401095805224031,
  "p95_latency_us": 4.401095805224031,
  "p99_latency_us": 4.401095805224031,
  "run_id": "bloom_bacillus_subtilis_k15_k15_a2bd60ea8d_run0",
  "throughput_qps": 227216.13985612761,
  "true_positive_rate": 1.0
}