{
  "avg_latency_us": 3.54194164974615,
  "build_time_seconds": 20.28500837495085,
  "cache_proxy": {
    "batch_size": 5000,
    "random_qps": 351639.761034988,
    "repeated_qps": 364229.06423523714,
    "sequential_qps": 370249.23903072893
  },
  "dataset_name": "bacillus_subtilis_k15",
  "extra_stats": {
    "actual_memory_usage_bytes": 7426943,
    "bits_per_item": 14.377587621666343,
    "build_time_seconds": 20.284423624980263,
    "built": true,
    "filter_name": "bloom",
    "inserted_keys": 4132511,
    "parameters": {
      "expected_items": 4132511,
      "false_positive_rate": 0.001,
      "hash_seed": 7,
      "num_bits": 59415539,
      "num_hashes": 10
    },
    "target_false_positive_rate": 0.001
  },
  "false_positive_rate": 0.0011,
  "filter_params": {
    "expected_items": 4132511,
    "false_positive_rate": 0.001
  },
  "filter_type": "bloom",
  "inserted_keys": 4132511,
  "k": 15,
  "memory_per_kmer_bytes": 1.7971986039480596,
  "memory_usage_bytes": 7426943,
  "p50_latency_us": 3.54194164974615,
  "p95_latency_us": 3.54194164974615,
  "p99_latency_us": 3.54194164974615,
  "run_id": "bloom_bacillus_subtilis_k15_k15_c3476d4c39_run0",
  "throughput_qps": 282331.02035197837,
  "true_positive_rate": 1.0
}