{
  "avg_latency_us": 4.61548125022091,
  "build_time_seconds": 21.964013833989156,
  "cache_proxy": {
    "batch_size": 5000,
    "random_qps": 274630.75859526964,
    "repeated_qps": 279284.1017634526,
    "sequential_qps": 260582.92394984167
  },
  "dataset_name": "bacillus_subtilis_k15",
  "extra_stats": {
    "actual_memory_usage_bytes": 7426943,
    "bits_per_item": 14.377587621666343,
    "build_time_seconds": 21.96239770797547,
    "built": true,
    "filter_name": "bloom",
    "inserted_keys": 4132511,
    "parameters": {
      "expected_items": 4132511,
      "false_positive_rate": 0.001,
      "hash_seed": 7,
      "num_bits": 59415539,
      "num_hashes": 10
    },
    "target_false_positive_rate": 0.001
  },
  "false_positive_rate": 0.0012,
  "filter_params": {
    "expected_items": 4132511,
    "false_positive_rate": 0.001
  },
  "filter_type": "bloom",
  "inserted_keys": 4132511,
  "k": 15,
  "memory_per_kmer_bytes": 1.7971986039480596,
  "memory_usage_bytes": 7426943,
  "p50_latency_us": 4.61548125022091,
  "p95_latency_us": 4.61548125022091,
  "p99_latency_us": 4.61548125022091,
  "run_id": "bloom_bacillus_subtilis_k15_k15_c3476d4c39_run0",
  "throughput_qps": 216662.1302929434,
  "true_positive_rate": 1.0
}