{
  "avg_latency_us": 24.989745850325562,
  "build_time_seconds": 367.09119799998007,
  "cache_proxy": {
    "batch_size": 5000,
    "random_qps": 42246.381010907615,
    "repeated_qps": 44275.55243128782,
    "sequential_qps": 42213.75481367351
  },
  "dataset_name": "ecoli_k21",
  "extra_stats": {
    "actual_memory_usage_bytes": 10949446,
    "build_time_seconds": 365.6227799579792,
    "built": true,
    "filter_name": "learned",
    "has_backup_filter": true,
    "inserted_keys": 4562542,
    "model_eval": {
      "accuracy": 0.4997789975328088,
      "avg_precision": 0.6629997521145208,
      "false_positive_rate": 0.0,
      "model_false_negative_count": 4562537.0,
      "model_false_negative_rate": 0.9999989041196772,
      "model_fnr": 0.9999985394743568,
      "model_fpr": 0.0,
      "roc_auc": 0.6835533445304989,
      "selected_threshold": 0.9003346536922664,
      "target_model_fpr": 0.0001,
      "threshold": 0.9003346536922664,
      "true_positive_rate": 1.4605256431789802e-06,
      "used_fallback_selection": 0.0
    },
    "parameters": {
      "backup_false_positive_rate": 0.0001,
      "k": 21,
      "model_backend": "ngram_sgd",
      "model_threshold": 0.9003346536922664,
      "ngram_features": 4096,
      "ngram_range": [
        3,
        5
      ]
    },
    "target_false_positive_rate": 0.0001
  },
  "false_positive_rate": 0.0,
  "filter_params": {
    "backup_false_positive_rate": 0.0001,
    "model_backend": "ngram_sgd",
    "model_threshold": 0.5,
    "ngram_features": 4096,
    "ngram_range": [
      3,
      5
    ]
  },
  "filter_type": "learned",
  "inserted_keys": 4562542,
  "k": 21,
  "memory_per_kmer_bytes": 2.399856483512919,
  "memory_usage_bytes": 10949446,
  "p50_latency_us": 24.989745850325562,
  "p95_latency_us": 24.989745850325562,
  "p99_latency_us": 24.989745850325562,
  "run_id": "learned_ecoli_k21_k21_ac13309b22_run0",
  "throughput_qps": 40016.4133716859,
  "true_positive_rate": 1.0
}