{
  "avg_latency_us": 24.010831250052433,
  "build_time_seconds": 360.000751375017,
  "cache_proxy": {
    "batch_size": 5000,
    "random_qps": 43298.410314248606,
    "repeated_qps": 45835.897623653516,
    "sequential_qps": 43681.59134105314
  },
  "dataset_name": "ecoli_k21",
  "extra_stats": {
    "actual_memory_usage_bytes": 8216187,
    "build_time_seconds": 358.4620424580062,
    "built": true,
    "filter_name": "learned",
    "has_backup_filter": true,
    "inserted_keys": 4562542,
    "model_eval": {
      "accuracy": 0.4997789975328088,
      "avg_precision": 0.662859346703675,
      "false_positive_rate": 0.0,
      "model_false_negative_count": 4562538.0,
      "model_false_negative_rate": 0.9999991232957417,
      "model_fnr": 0.9999985394743568,
      "model_fpr": 0.0,
      "roc_auc": 0.6832943566742524,
      "selected_threshold": 0.9047797052269838,
      "target_model_fpr": 0.001,
      "threshold": 0.9047797052269838,
      "true_positive_rate": 1.4605256431789802e-06,
      "used_fallback_selection": 0.0
    },
    "parameters": {
      "backup_false_positive_rate": 0.001,
      "k": 21,
      "model_backend": "ngram_sgd",
      "model_threshold": 0.9047797052269838,
      "ngram_features": 4096,
      "ngram_range": [
        3,
        5
      ]
    },
    "target_false_positive_rate": 0.001
  },
  "false_positive_rate": 0.0016,
  "filter_params": {
    "backup_false_positive_rate": 0.001,
    "model_backend": "ngram_sgd",
    "model_threshold": 0.5,
    "ngram_features": 4096,
    "ngram_range": [
      3,
      5
    ]
  },
  "filter_type": "learned",
  "inserted_keys": 4562542,
  "k": 21,
  "memory_per_kmer_bytes": 1.8007915324395918,
  "memory_usage_bytes": 8216187,
  "p50_latency_us": 24.010831250052433,
  "p95_latency_us": 24.010831250052433,
  "p99_latency_us": 24.010831250052433,
  "run_id": "learned_ecoli_k21_k21_ddf41a4ee3_run0",
  "throughput_qps": 41647.87089567406,
  "true_positive_rate": 1.0
}