{
  "avg_latency_us": 3.7014541507232934,
  "build_time_seconds": 17.81106866701157,
  "cache_proxy": {
    "batch_size": 5000,
    "random_qps": 304019.64445736096,
    "repeated_qps": 324289.5605044221,
    "sequential_qps": 285215.83697663783
  },
  "dataset_name": "bacillus_subtilis_k31",
  "extra_stats": {
    "actual_memory_usage_bytes": 4996842,
    "bits_per_item": 9.585058575345172,
    "build_time_seconds": 17.809990833018674,
    "built": true,
    "filter_name": "bloom",
    "inserted_keys": 4170526,
    "parameters": {
      "expected_items": 4170526,
      "false_positive_rate": 0.01,
      "hash_seed": 7,
      "num_bits": 39974736,
      "num_hashes": 7
    },
    "target_false_positive_rate": 0.01
  },
  "false_positive_rate": 0.0093,
  "filter_params": {
    "expected_items": 4170526,
    "false_positive_rate": 0.01
  },
  "filter_type": "bloom",
  "inserted_keys": 4170526,
  "k": 31,
  "memory_per_kmer_bytes": 1.1981323219181466,
  "memory_usage_bytes": 4996842,
  "p50_latency_us": 3.7014541507232934,
  "p95_latency_us": 3.7014541507232934,
  "p99_latency_us": 3.7014541507232934,
  "run_id": "bloom_bacillus_subtilis_k31_k31_a5c4b4af64_run0",
  "throughput_qps": 270164.0920784044,
  "true_positive_rate": 1.0
}