{
  "avg_latency_us": 13.651929149636999,
  "build_time_seconds": 182.13837304199114,
  "cache_proxy": {
    "batch_size": 5000,
    "random_qps": 79903.12162943928,
    "repeated_qps": 81790.4661360107,
    "sequential_qps": 75058.0604032689
  },
  "dataset_name": "bacillus_subtilis_k15",
  "extra_stats": {
    "actual_memory_usage_bytes": 7443334,
    "build_time_seconds": 181.77629891701508,
    "built": true,
    "filter_name": "learned",
    "has_backup_filter": true,
    "has_prefilter": false,
    "inserted_keys": 4132511,
    "model_eval": {
      "accuracy": 0.49946158629985166,
      "avg_precision": 0.6249581334270481,
      "false_positive_rate": 0.0,
      "model_false_negative_count": 4132506.0,
      "model_false_negative_rate": 0.9999987900818654,
      "model_fnr": 0.999998388513323,
      "model_fpr": 0.0,
      "roc_auc": 0.6403256711952642,
      "selected_threshold": 0.8244004661257924,
      "target_model_fpr": 0.001,
      "threshold": 0.8244004661257924,
      "true_positive_rate": 1.6114866770338976e-06,
      "used_fallback_selection": 0.0
    },
    "parameters": {
      "backup_false_positive_rate": 0.001,
      "k": 15,
      "model_backend": "ngram_sgd",
      "model_false_positive_rate": 0.001,
      "model_threshold": 0.8244004661257924,
      "ngram_features": 4096,
      "ngram_range": [
        3,
        5
      ],
      "prefilter_false_positive_rate": null,
      "refit_model_on_full_dataset": false,
      "total_false_positive_rate": 0.001
    },
    "target_false_positive_rate": 0.001
  },
  "false_positive_rate": 0.0006,
  "filter_params": {
    "backup_false_positive_rate": 0.001,
    "model_backend": "ngram_sgd",
    "model_threshold": 0.5,
    "ngram_features": 4096,
    "ngram_range": [
      3,
      5
    ]
  },
  "filter_type": "learned",
  "inserted_keys": 4132511,
  "k": 15,
  "memory_per_kmer_bytes": 1.8011649575766404,
  "memory_usage_bytes": 7443334,
  "p50_latency_us": 13.651929149636999,
  "p95_latency_us": 13.651929149636999,
  "p99_latency_us": 13.651929149636999,
  "run_id": "learned_bacillus_subtilis_k15_k15_ddf41a4ee3_run0",
  "throughput_qps": 73249.72090311426,
  "true_positive_rate": 1.0
}