{
  "avg_latency_us": 13.18307290202938,
  "build_time_seconds": 183.84629558306187,
  "cache_proxy": {
    "batch_size": 5000,
    "random_qps": 78515.44749812387,
    "repeated_qps": 85395.82033910493,
    "sequential_qps": 78601.28201881537
  },
  "dataset_name": "bacillus_subtilis_k15",
  "extra_stats": {
    "actual_memory_usage_bytes": 4817654,
    "build_time_seconds": 183.4277220000513,
    "built": true,
    "filter_name": "learned",
    "has_backup_filter": true,
    "has_prefilter": false,
    "inserted_keys": 4132511,
    "model_eval": {
      "accuracy": 0.5098160682006819,
      "avg_precision": 0.6250956193703532,
      "false_positive_rate": 0.009655882998927662,
      "model_false_negative_count": 4007282.0,
      "model_false_negative_rate": 0.9696966323864594,
      "model_fnr": 0.9696766551982532,
      "model_fpr": 0.009655882998927662,
      "roc_auc": 0.6408574742906689,
      "selected_threshold": 0.7111476064943173,
      "target_model_fpr": 0.01,
      "threshold": 0.7111476064943173,
      "true_positive_rate": 0.03032334480174685,
      "used_fallback_selection": 0.0
    },
    "parameters": {
      "backup_false_positive_rate": 0.01,
      "k": 15,
      "model_backend": "ngram_sgd",
      "model_false_positive_rate": 0.01,
      "model_threshold": 0.7111476064943173,
      "ngram_features": 4096,
      "ngram_range": [
        3,
        5
      ],
      "prefilter_false_positive_rate": null,
      "refit_model_on_full_dataset": false,
      "total_false_positive_rate": 0.01
    },
    "target_false_positive_rate": 0.01
  },
  "false_positive_rate": 0.0205,
  "filter_params": {
    "backup_false_positive_rate": 0.01,
    "model_backend": "ngram_sgd",
    "model_threshold": 0.5,
    "ngram_features": 4096,
    "ngram_range": [
      3,
      5
    ]
  },
  "filter_type": "learned",
  "inserted_keys": 4132511,
  "k": 15,
  "memory_per_kmer_bytes": 1.165793388087775,
  "memory_usage_bytes": 4817654,
  "p50_latency_us": 13.18307290202938,
  "p95_latency_us": 13.18307290202938,
  "p99_latency_us": 13.18307290202938,
  "run_id": "learned_bacillus_subtilis_k15_k15_f65d2a8089_run0",
  "throughput_qps": 75854.84867083316,
  "true_positive_rate": 1.0
}