{
  "avg_latency_us": 3.7382374997832812,
  "build_time_seconds": 23.515452332998393,
  "cache_proxy": {
    "batch_size": 5000,
    "random_qps": 295081.7254040789,
    "repeated_qps": 324135.3866236712,
    "sequential_qps": 294326.8500092715
  },
  "dataset_name": "pseudomonas_aeruginosa_k21",
  "extra_stats": {
    "actual_memory_usage_bytes": 10485760,
    "build_time_seconds": 23.107708499999717,
    "built": true,
    "filter_name": "cuckoo",
    "fingerprint_only_false_positive_rate": 0.0009765625,
    "inserted_keys": 6212635,
    "insertion_failures": 0,
    "load_factor": 0.7406038045883179,
    "parameters": {
      "bucket_count": 2097152,
      "bucket_size": 4,
      "capacity": 6212635,
      "fingerprint_bits": 10,
      "max_relocations": 500,
      "random_seed": 7
    },
    "target_false_positive_rate": 0.0078125
  },
  "false_positive_rate": 0.0045,
  "filter_params": {
    "bucket_size": 4,
    "capacity": 6212635,
    "false_positive_rate": 0.01,
    "fingerprint_bits": 10
  },
  "filter_type": "cuckoo",
  "inserted_keys": 6212635,
  "k": 21,
  "memory_per_kmer_bytes": 1.687812015352584,
  "memory_usage_bytes": 10485760,
  "p50_latency_us": 3.7382374997832812,
  "p95_latency_us": 3.7382374997832812,
  "p99_latency_us": 3.7382374997832812,
  "run_id": "cuckoo_pseudomonas_aeruginosa_k21_k21_882a3e66d8_run0",
  "throughput_qps": 267505.7430294286,
  "true_positive_rate": 1.0
}