{
  "avg_latency_us": 3.872697948827408,
  "build_time_seconds": 23.84745191698312,
  "cache_proxy": {
    "batch_size": 5000,
    "random_qps": 254784.45723327372,
    "repeated_qps": 321102.0221579988,
    "sequential_qps": 267793.58017292526
  },
  "dataset_name": "pseudomonas_aeruginosa_k21",
  "extra_stats": {
    "actual_memory_usage_bytes": 13631488,
    "build_time_seconds": 23.346064124983968,
    "built": true,
    "filter_name": "cuckoo",
    "fingerprint_only_false_positive_rate": 0.0001220703125,
    "inserted_keys": 6212635,
    "insertion_failures": 0,
    "load_factor": 0.7406038045883179,
    "parameters": {
      "bucket_count": 2097152,
      "bucket_size": 4,
      "capacity": 6212635,
      "fingerprint_bits": 13,
      "max_relocations": 500,
      "random_seed": 7
    },
    "target_false_positive_rate": 0.0009765625
  },
  "false_positive_rate": 0.0005,
  "filter_params": {
    "bucket_size": 4,
    "capacity": 6212635,
    "false_positive_rate": 0.001,
    "fingerprint_bits": 13
  },
  "filter_type": "cuckoo",
  "inserted_keys": 6212635,
  "k": 21,
  "memory_per_kmer_bytes": 2.194155619958359,
  "memory_usage_bytes": 13631488,
  "p50_latency_us": 3.872697948827408,
  "p95_latency_us": 3.872697948827408,
  "p99_latency_us": 3.872697948827408,
  "run_id": "cuckoo_pseudomonas_aeruginosa_k21_k21_15ead27966_run0",
  "throughput_qps": 258217.91764131366,
  "true_positive_rate": 1.0
}