{
  "avg_latency_us": 3.063331247540191,
  "build_time_seconds": 16.45749108400196,
  "cache_proxy": {
    "batch_size": 5000,
    "random_qps": 322558.10789623077,
    "repeated_qps": 458937.810429181,
    "sequential_qps": 377156.07884409366
  },
  "dataset_name": "pseudomonas_aeruginosa_k15",
  "extra_stats": {
    "actual_memory_usage_bytes": 13631488,
    "build_time_seconds": 16.178087209002115,
    "built": true,
    "filter_name": "cuckoo",
    "fingerprint_only_false_positive_rate": 0.0001220703125,
    "inserted_keys": 5767198,
    "insertion_failures": 0,
    "load_factor": 0.6875035762786865,
    "parameters": {
      "bucket_count": 2097152,
      "bucket_size": 4,
      "capacity": 5767198,
      "fingerprint_bits": 13,
      "max_relocations": 500,
      "random_seed": 7
    },
    "target_false_positive_rate": 0.0009765625
  },
  "false_positive_rate": 0.0009,
  "filter_params": {
    "bucket_size": 4,
    "capacity": 5767198,
    "false_positive_rate": 0.001,
    "fingerprint_bits": 13
  },
  "filter_type": "cuckoo",
  "inserted_keys": 5767198,
  "k": 15,
  "memory_per_kmer_bytes": 2.3636240683950853,
  "memory_usage_bytes": 13631488,
  "p50_latency_us": 3.063331247540191,
  "p95_latency_us": 3.063331247540191,
  "p99_latency_us": 3.063331247540191,
  "run_id": "cuckoo_pseudomonas_aeruginosa_k15_k15_40b65f1db8_run0",
  "throughput_qps": 326442.00681953185,
  "true_positive_rate": 1.0
}