{
  "avg_latency_us": 4.075927099620458,
  "build_time_seconds": 21.364345082984073,
  "cache_proxy": {
    "batch_size": 5000,
    "random_qps": 286605.49248097057,
    "repeated_qps": 323223.9094396973,
    "sequential_qps": 269599.71041401906
  },
  "dataset_name": "pseudomonas_aeruginosa_k15",
  "extra_stats": {
    "actual_memory_usage_bytes": 13631488,
    "build_time_seconds": 20.958009124995442,
    "built": true,
    "filter_name": "cuckoo",
    "fingerprint_only_false_positive_rate": 0.0001220703125,
    "inserted_keys": 5767198,
    "insertion_failures": 0,
    "load_factor": 0.6875035762786865,
    "parameters": {
      "bucket_count": 2097152,
      "bucket_size": 4,
      "capacity": 5767198,
      "fingerprint_bits": 13,
      "max_relocations": 500,
      "random_seed": 7
    },
    "target_false_positive_rate": 0.0009765625
  },
  "false_positive_rate": 0.0013,
  "filter_params": {
    "bucket_size": 4,
    "capacity": 5767198,
    "false_positive_rate": 0.001,
    "fingerprint_bits": 13
  },
  "filter_type": "cuckoo",
  "inserted_keys": 5767198,
  "k": 15,
  "memory_per_kmer_bytes": 2.3636240683950853,
  "memory_usage_bytes": 13631488,
  "p50_latency_us": 4.075927099620458,
  "p95_latency_us": 4.075927099620458,
  "p99_latency_us": 4.075927099620458,
  "run_id": "cuckoo_pseudomonas_aeruginosa_k15_k15_40b65f1db8_run0",
  "throughput_qps": 245342.95524890962,
  "true_positive_rate": 1.0
}