{
  "avg_latency_us": 3.0953770658622184,
  "build_time_seconds": 2.5160552080487832,
  "cache_proxy": {
    "batch_size": 5000,
    "random_qps": 336227.0605677698,
    "repeated_qps": 350399.73961062706,
    "sequential_qps": 339511.17564943753
  },
  "dataset_name": "synth_k31",
  "extra_stats": {
    "actual_memory_usage_bytes": 614632,
    "build_time_seconds": 2.4814359999727458,
    "built": true,
    "filter_name": "xor",
    "inserted_keys": 399760,
    "note": "pure-Python peel-based XOR backend active",
    "parameters": {
      "array_length": 491705,
      "backend": "python:xor",
      "build_attempts": 1,
      "fingerprint_bits": 10,
      "hash_seed": 7,
      "requested_backend": "auto",
      "size_factor": 1.23
    },
    "target_false_positive_rate": 0.0009765625
  },
  "false_positive_rate": 0.0013,
  "filter_params": {
    "backend": "auto",
    "false_positive_rate": 0.001,
    "fingerprint_bits": 10,
    "hash_seed": 7
  },
  "filter_type": "xor",
  "inserted_keys": 399760,
  "k": 31,
  "memory_per_kmer_bytes": 1.5375025015009005,
  "memory_usage_bytes": 614632,
  "p50_latency_us": 3.1235311937052757,
  "p95_latency_us": 3.1235311937052757,
  "p99_latency_us": 3.1235311937052757,
  "run_id": "xor_synth_k31_k31_278801f348_run0",
  "throughput_qps": 323062.41815533047,
  "true_positive_rate": 1.0
}