{
  "avg_latency_us": 3.611247899243608,
  "build_time_seconds": 5.973962374962866,
  "cache_proxy": {
    "batch_size": 5000,
    "random_qps": 351155.45517735335,
    "repeated_qps": 364034.23248599324,
    "sequential_qps": 363350.4472462119
  },
  "dataset_name": "borreliella_burgdorferi_k31",
  "extra_stats": {
    "actual_memory_usage_bytes": 2437875,
    "bits_per_item": 14.377588121071652,
    "build_time_seconds": 5.973788415896706,
    "built": true,
    "filter_name": "bloom",
    "inserted_keys": 1356486,
    "parameters": {
      "expected_items": 1356486,
      "false_positive_rate": 0.001,
      "hash_seed": 7,
      "num_bits": 19502997,
      "num_hashes": 10
    },
    "target_false_positive_rate": 0.001
  },
  "false_positive_rate": 0.0009,
  "filter_params": {
    "expected_items": 1356486,
    "false_positive_rate": 0.001
  },
  "filter_type": "bloom",
  "inserted_keys": 1356486,
  "k": 31,
  "memory_per_kmer_bytes": 1.7971987915835475,
  "memory_usage_bytes": 2437875,
  "p50_latency_us": 3.611247899243608,
  "p95_latency_us": 3.611247899243608,
  "p99_latency_us": 3.611247899243608,
  "run_id": "bloom_borreliella_burgdorferi_k31_k31_65b7f13d72_run0",
  "throughput_qps": 276912.58753226395,
  "true_positive_rate": 1.0
}