{
  "avg_latency_us": 3.71829164942028,
  "build_time_seconds": 5.702952040999662,
  "cache_proxy": {
    "batch_size": 5000,
    "random_qps": 295392.6193555146,
    "repeated_qps": 325219.40569590585,
    "sequential_qps": 301010.13592887827
  },
  "dataset_name": "borreliella_burgdorferi_k31",
  "extra_stats": {
    "actual_memory_usage_bytes": 1625250,
    "bits_per_item": 9.585058747381101,
    "build_time_seconds": 5.702887207997264,
    "built": true,
    "filter_name": "bloom",
    "inserted_keys": 1356486,
    "parameters": {
      "expected_items": 1356486,
      "false_positive_rate": 0.01,
      "hash_seed": 7,
      "num_bits": 13001998,
      "num_hashes": 7
    },
    "target_false_positive_rate": 0.01
  },
  "false_positive_rate": 0.0097,
  "filter_params": {
    "expected_items": 1356486,
    "false_positive_rate": 0.01
  },
  "filter_type": "bloom",
  "inserted_keys": 1356486,
  "k": 31,
  "memory_per_kmer_bytes": 1.198132527722365,
  "memory_usage_bytes": 1625250,
  "p50_latency_us": 3.71829164942028,
  "p95_latency_us": 3.71829164942028,
  "p99_latency_us": 3.71829164942028,
  "run_id": "bloom_borreliella_burgdorferi_k31_k31_611ac4cf10_run0",
  "throughput_qps": 268940.7110267723,
  "true_positive_rate": 1.0
}