{
  "avg_latency_us": 33.82832499919459,
  "build_time_seconds": 459.4631686670182,
  "cache_proxy": {
    "batch_size": 5000,
    "random_qps": 30237.70866786268,
    "repeated_qps": 31826.754901724384,
    "sequential_qps": 30506.295226928098
  },
  "dataset_name": "bacillus_subtilis_k31",
  "extra_stats": {
    "actual_memory_usage_bytes": 7511654,
    "build_time_seconds": 458.0277260419971,
    "built": true,
    "filter_name": "learned",
    "has_backup_filter": true,
    "inserted_keys": 4170526,
    "model_eval": {
      "accuracy": 0.4994005553255464,
      "avg_precision": 0.682516750628734,
      "false_positive_rate": 0.0,
      "model_false_negative_count": 4170521.0,
      "model_false_negative_rate": 0.9999988011104595,
      "model_fnr": 0.99999840339757,
      "model_fpr": 0.0,
      "roc_auc": 0.6961274750133255,
      "selected_threshold": 0.9140194591475145,
      "target_model_fpr": 0.001,
      "threshold": 0.9140194591475145,
      "true_positive_rate": 1.5966024300288985e-06,
      "used_fallback_selection": 0.0
    },
    "parameters": {
      "backup_false_positive_rate": 0.001,
      "k": 31,
      "model_backend": "ngram_sgd",
      "model_threshold": 0.9140194591475145,
      "ngram_features": 4096,
      "ngram_range": [
        3,
        5
      ]
    },
    "target_false_positive_rate": 0.001
  },
  "false_positive_rate": 0.0011,
  "filter_params": {
    "backup_false_positive_rate": 0.001,
    "model_backend": "ngram_sgd",
    "model_threshold": 0.5,
    "ngram_features": 4096,
    "ngram_range": [
      3,
      5
    ]
  },
  "filter_type": "learned",
  "inserted_keys": 4170526,
  "k": 31,
  "memory_per_kmer_bytes": 1.8011286825690573,
  "memory_usage_bytes": 7511654,
  "p50_latency_us": 33.82832499919459,
  "p95_latency_us": 33.82832499919459,
  "p99_latency_us": 33.82832499919459,
  "run_id": "learned_bacillus_subtilis_k31_k31_ddf41a4ee3_run0",
  "throughput_qps": 29561.02615260462,
  "true_positive_rate": 1.0
}