{
  "avg_latency_us": 2.75949026690796,
  "build_time_seconds": 1.0750488749472424,
  "cache_proxy": {
    "batch_size": 5000,
    "random_qps": 390943.1395285749,
    "repeated_qps": 503511.9803274241,
    "sequential_qps": 433097.81958981865
  },
  "dataset_name": "synth_k15",
  "extra_stats": {
    "actual_memory_usage_bytes": 524288,
    "build_time_seconds": 1.022404333925806,
    "built": true,
    "filter_name": "cuckoo",
    "inserted_keys": 399820,
    "insertion_failures": 0,
    "load_factor": 0.7625961303710938,
    "parameters": {
      "bucket_count": 131072,
      "bucket_size": 4,
      "capacity": 399820,
      "fingerprint_bits": 8,
      "max_relocations": 500,
      "random_seed": 7
    },
    "target_false_positive_rate": 0.00390625
  },
  "false_positive_rate": 0.0258,
  "filter_params": {
    "capacity": 399820,
    "fingerprint_bits": 8
  },
  "filter_type": "cuckoo",
  "inserted_keys": 399820,
  "k": 15,
  "memory_per_kmer_bytes": 1.3113100895402932,
  "memory_usage_bytes": 524288,
  "p50_latency_us": 2.780483348760754,
  "p95_latency_us": 2.780483348760754,
  "p99_latency_us": 2.780483348760754,
  "run_id": "cuckoo_synth_k15_k15_1e70c9fa0e_run1",
  "throughput_qps": 362385.76812249864,
  "true_positive_rate": 1.0
}