{
  "avg_latency_us": 2.7945034652172276,
  "build_time_seconds": 1.1021597500657663,
  "cache_proxy": {
    "batch_size": 5000,
    "random_qps": 340399.134114172,
    "repeated_qps": 489475.58834834397,
    "sequential_qps": 331399.5506964618
  },
  "dataset_name": "synth_k15",
  "extra_stats": {
    "actual_memory_usage_bytes": 655360,
    "build_time_seconds": 1.047473374987021,
    "built": true,
    "filter_name": "cuckoo",
    "fingerprint_only_false_positive_rate": 0.0009765625,
    "inserted_keys": 399820,
    "insertion_failures": 0,
    "load_factor": 0.7625961303710938,
    "parameters": {
      "bucket_count": 131072,
      "bucket_size": 4,
      "capacity": 399820,
      "fingerprint_bits": 10,
      "max_relocations": 500,
      "random_seed": 7
    },
    "target_false_positive_rate": 0.0078125
  },
  "false_positive_rate": 0.0068,
  "filter_params": {
    "bucket_size": 4,
    "capacity": 399820,
    "false_positive_rate": 0.01,
    "fingerprint_bits": 10
  },
  "filter_type": "cuckoo",
  "inserted_keys": 399820,
  "k": 15,
  "memory_per_kmer_bytes": 1.6391376119253664,
  "memory_usage_bytes": 655360,
  "p50_latency_us": 2.7886603958904743,
  "p95_latency_us": 2.7886603958904743,
  "p99_latency_us": 2.7886603958904743,
  "run_id": "cuckoo_synth_k15_k15_af31716050_run1",
  "throughput_qps": 357845.324740818,
  "true_positive_rate": 1.0
}