{
  "avg_latency_us": 2.8943791810888797,
  "build_time_seconds": 1.0856324170017615,
  "cache_proxy": {
    "batch_size": 5000,
    "random_qps": 375452.1103733758,
    "repeated_qps": 490496.62828679924,
    "sequential_qps": 311438.3456499214
  },
  "dataset_name": "synth_k15",
  "extra_stats": {
    "actual_memory_usage_bytes": 917504,
    "build_time_seconds": 1.0323926249984652,
    "built": true,
    "filter_name": "cuckoo",
    "inserted_keys": 399820,
    "insertion_failures": 0,
    "load_factor": 0.7625961303710938,
    "parameters": {
      "bucket_count": 131072,
      "bucket_size": 4,
      "capacity": 399820,
      "fingerprint_bits": 14,
      "max_relocations": 500,
      "random_seed": 7
    },
    "target_false_positive_rate": 6.103515625e-05
  },
  "false_positive_rate": 0.0003,
  "filter_params": {
    "capacity": 399820,
    "fingerprint_bits": 14
  },
  "filter_type": "cuckoo",
  "inserted_keys": 399820,
  "k": 15,
  "memory_per_kmer_bytes": 2.294792656695513,
  "memory_usage_bytes": 917504,
  "p50_latency_us": 2.8506458445917815,
  "p95_latency_us": 2.8506458445917815,
  "p99_latency_us": 2.8506458445917815,
  "run_id": "cuckoo_synth_k15_k15_4ef1d3660f_run0",
  "throughput_qps": 345497.2335807761,
  "true_positive_rate": 1.0
}