{
  "avg_latency_us": 2.9143763861308494,
  "build_time_seconds": 1.068173374980688,
  "cache_proxy": {
    "batch_size": 5000,
    "random_qps": 402543.63552343886,
    "repeated_qps": 426817.92498015467,
    "sequential_qps": 378868.78997605224
  },
  "dataset_name": "synth_k15",
  "extra_stats": {
    "actual_memory_usage_bytes": 917504,
    "build_time_seconds": 1.0380097919842228,
    "built": true,
    "filter_name": "cuckoo",
    "inserted_keys": 399820,
    "insertion_failures": 0,
    "load_factor": 0.7625961303710938,
    "parameters": {
      "bucket_count": 131072,
      "bucket_size": 4,
      "capacity": 399820,
      "fingerprint_bits": 14,
      "max_relocations": 500,
      "random_seed": 7
    },
    "target_false_positive_rate": 6.103515625e-05
  },
  "false_positive_rate": 0.0002,
  "filter_params": {
    "capacity": 399820,
    "fingerprint_bits": 14
  },
  "filter_type": "cuckoo",
  "inserted_keys": 399820,
  "k": 15,
  "memory_per_kmer_bytes": 2.294792656695513,
  "memory_usage_bytes": 917504,
  "p50_latency_us": 2.9488208529073745,
  "p95_latency_us": 2.9488208529073745,
  "p99_latency_us": 2.9488208529073745,
  "run_id": "cuckoo_synth_k15_k15_4ef1d3660f_run2",
  "throughput_qps": 343126.57924311847,
  "true_positive_rate": 1.0
}