{
  "avg_latency_us": 2.5838292009818056,
  "build_time_seconds": 1.0310628750594333,
  "cache_proxy": {
    "batch_size": 5000,
    "random_qps": 447916.0794451421,
    "repeated_qps": 491970.62838529487,
    "sequential_qps": 424789.7812939394
  },
  "dataset_name": "synth_k15",
  "extra_stats": {
    "actual_memory_usage_bytes": 786432,
    "build_time_seconds": 1.0017848330317065,
    "built": true,
    "filter_name": "cuckoo",
    "inserted_keys": 399820,
    "insertion_failures": 0,
    "load_factor": 0.7625961303710938,
    "parameters": {
      "bucket_count": 131072,
      "bucket_size": 4,
      "capacity": 399820,
      "fingerprint_bits": 12,
      "max_relocations": 500,
      "random_seed": 7
    },
    "target_false_positive_rate": 0.000244140625
  },
  "false_positive_rate": 0.0014,
  "filter_params": {
    "capacity": 399820,
    "fingerprint_bits": 12
  },
  "filter_type": "cuckoo",
  "inserted_keys": 399820,
  "k": 15,
  "memory_per_kmer_bytes": 1.9669651343104397,
  "memory_usage_bytes": 786432,
  "p50_latency_us": 2.5718791992403567,
  "p95_latency_us": 2.5718791992403567,
  "p99_latency_us": 2.5718791992403567,
  "run_id": "cuckoo_synth_k15_k15_44dc7d90d8_run1",
  "throughput_qps": 387022.48570455785,
  "true_positive_rate": 1.0
}