{
  "avg_latency_us": 2.8767416816360005,
  "build_time_seconds": 1.0715161670232192,
  "cache_proxy": {
    "batch_size": 5000,
    "random_qps": 339411.3153165797,
    "repeated_qps": 480891.2600813313,
    "sequential_qps": 358969.04508765216
  },
  "dataset_name": "synth_k15",
  "extra_stats": {
    "actual_memory_usage_bytes": 655360,
    "build_time_seconds": 1.0393232080386952,
    "built": true,
    "filter_name": "cuckoo",
    "fingerprint_only_false_positive_rate": 0.0009765625,
    "inserted_keys": 399820,
    "insertion_failures": 0,
    "load_factor": 0.7625961303710938,
    "parameters": {
      "bucket_count": 131072,
      "bucket_size": 4,
      "capacity": 399820,
      "fingerprint_bits": 10,
      "max_relocations": 500,
      "random_seed": 7
    },
    "target_false_positive_rate": 0.0078125
  },
  "false_positive_rate": 0.0061,
  "filter_params": {
    "bucket_size": 4,
    "capacity": 399820,
    "false_positive_rate": 0.01,
    "fingerprint_bits": 10
  },
  "filter_type": "cuckoo",
  "inserted_keys": 399820,
  "k": 15,
  "memory_per_kmer_bytes": 1.6391376119253664,
  "memory_usage_bytes": 655360,
  "p50_latency_us": 2.926062501501292,
  "p95_latency_us": 2.926062501501292,
  "p99_latency_us": 2.926062501501292,
  "run_id": "cuckoo_synth_k15_k15_af31716050_run2",
  "throughput_qps": 347615.5006838503,
  "true_positive_rate": 1.0
}