{
  "avg_latency_us": 3.067254147026688,
  "build_time_seconds": 1.166963916970417,
  "cache_proxy": {
    "batch_size": 5000,
    "random_qps": 320317.4749461351,
    "repeated_qps": 454618.3565564167,
    "sequential_qps": 317031.4555641551
  },
  "dataset_name": "synth_k15",
  "extra_stats": {
    "actual_memory_usage_bytes": 655360,
    "build_time_seconds": 1.1356129579944536,
    "built": true,
    "filter_name": "cuckoo",
    "fingerprint_only_false_positive_rate": 0.0009765625,
    "inserted_keys": 399820,
    "insertion_failures": 0,
    "load_factor": 0.7625961303710938,
    "parameters": {
      "bucket_count": 131072,
      "bucket_size": 4,
      "capacity": 399820,
      "fingerprint_bits": 10,
      "max_relocations": 500,
      "random_seed": 7
    },
    "target_false_positive_rate": 0.0078125
  },
  "false_positive_rate": 0.0061,
  "filter_params": {
    "bucket_size": 4,
    "capacity": 399820,
    "false_positive_rate": 0.01,
    "fingerprint_bits": 10
  },
  "filter_type": "cuckoo",
  "inserted_keys": 399820,
  "k": 15,
  "memory_per_kmer_bytes": 1.6391376119253664,
  "memory_usage_bytes": 655360,
  "p50_latency_us": 3.1461103935725987,
  "p95_latency_us": 3.1461103935725987,
  "p99_latency_us": 3.1461103935725987,
  "run_id": "cuckoo_synth_k15_k15_af31716050_run2",
  "throughput_qps": 326024.5001117278,
  "true_positive_rate": 1.0
}