{
  "avg_latency_us": 5.157991648593452,
  "build_time_seconds": 29.633537249988876,
  "cache_proxy": {
    "batch_size": 5000,
    "random_qps": 241762.12483720758,
    "repeated_qps": 243247.0247664212,
    "sequential_qps": 253084.99653467827
  },
  "dataset_name": "ecoli_k15",
  "extra_stats": {
    "actual_memory_usage_bytes": 10825490,
    "bits_per_item": 19.170116910288797,
    "build_time_seconds": 29.631122082995716,
    "built": true,
    "filter_name": "bloom",
    "inserted_keys": 4517652,
    "parameters": {
      "expected_items": 4517652,
      "false_positive_rate": 0.0001,
      "hash_seed": 7,
      "num_bits": 86603917,
      "num_hashes": 13
    },
    "target_false_positive_rate": 0.0001
  },
  "false_positive_rate": 0.0004,
  "filter_params": {
    "expected_items": 4517652,
    "false_positive_rate": 0.0001
  },
  "filter_type": "bloom",
  "inserted_keys": 4517652,
  "k": 15,
  "memory_per_kmer_bytes": 2.3962646967938213,
  "memory_usage_bytes": 10825490,
  "p50_latency_us": 5.157991648593452,
  "p95_latency_us": 5.157991648593452,
  "p99_latency_us": 5.157991648593452,
  "run_id": "bloom_ecoli_k15_k15_a4489d3643_run0",
  "throughput_qps": 193873.9083210212,
  "true_positive_rate": 1.0
}