{
  "avg_latency_us": 5.291993748687673,
  "build_time_seconds": 26.909137374983402,
  "cache_proxy": {
    "batch_size": 5000,
    "random_qps": 252126.97679682617,
    "repeated_qps": 284739.15981436026,
    "sequential_qps": 265873.771901048
  },
  "dataset_name": "ecoli_k15",
  "extra_stats": {
    "actual_memory_usage_bytes": 8119118,
    "bits_per_item": 14.377587738055079,
    "build_time_seconds": 26.90736049998668,
    "built": true,
    "filter_name": "bloom",
    "inserted_keys": 4517652,
    "parameters": {
      "expected_items": 4517652,
      "false_positive_rate": 0.001,
      "hash_seed": 7,
      "num_bits": 64952938,
      "num_hashes": 10
    },
    "target_false_positive_rate": 0.001
  },
  "false_positive_rate": 0.0011,
  "filter_params": {
    "expected_items": 4517652,
    "false_positive_rate": 0.001
  },
  "filter_type": "bloom",
  "inserted_keys": 4517652,
  "k": 15,
  "memory_per_kmer_bytes": 1.7971986332723282,
  "memory_usage_bytes": 8119118,
  "p50_latency_us": 5.291993748687673,
  "p95_latency_us": 5.291993748687673,
  "p99_latency_us": 5.291993748687673,
  "run_id": "bloom_ecoli_k15_k15_e0b6ba4a7f_run0",
  "throughput_qps": 188964.6978982134,
  "true_positive_rate": 1.0
}