{
  "avg_latency_us": 4.0887208000640385,
  "build_time_seconds": 19.603581417002715,
  "cache_proxy": {
    "batch_size": 5000,
    "random_qps": 299559.1445171308,
    "repeated_qps": 331697.8713665049,
    "sequential_qps": 301476.98391186184
  },
  "dataset_name": "ecoli_k15",
  "extra_stats": {
    "actual_memory_usage_bytes": 5412745,
    "bits_per_item": 9.58505856582136,
    "build_time_seconds": 19.60240899998462,
    "built": true,
    "filter_name": "bloom",
    "inserted_keys": 4517652,
    "parameters": {
      "expected_items": 4517652,
      "false_positive_rate": 0.01,
      "hash_seed": 7,
      "num_bits": 43301959,
      "num_hashes": 7
    },
    "target_false_positive_rate": 0.01
  },
  "false_positive_rate": 0.0096,
  "filter_params": {
    "expected_items": 4517652,
    "false_positive_rate": 0.01
  },
  "filter_type": "bloom",
  "inserted_keys": 4517652,
  "k": 15,
  "memory_per_kmer_bytes": 1.1981323483969106,
  "memory_usage_bytes": 5412745,
  "p50_latency_us": 4.0887208000640385,
  "p95_latency_us": 4.0887208000640385,
  "p99_latency_us": 4.0887208000640385,
  "run_id": "bloom_ecoli_k15_k15_ec76be8a78_run0",
  "throughput_qps": 244575.27155787643,
  "true_positive_rate": 1.0
}