{
  "avg_latency_us": 3.7077374989166856,
  "build_time_seconds": 15.508569583995268,
  "cache_proxy": {
    "batch_size": 5000,
    "random_qps": 270640.0572036406,
    "repeated_qps": 315987.93414244836,
    "sequential_qps": 287855.8400542012
  },
  "dataset_name": "bacillus_subtilis_k21",
  "extra_stats": {
    "actual_memory_usage_bytes": 13631488,
    "build_time_seconds": 15.124561042001005,
    "built": true,
    "filter_name": "cuckoo",
    "fingerprint_only_false_positive_rate": 0.0001220703125,
    "inserted_keys": 4167768,
    "insertion_failures": 0,
    "load_factor": 0.49683666229248047,
    "parameters": {
      "bucket_count": 2097152,
      "bucket_size": 4,
      "capacity": 4167768,
      "fingerprint_bits": 13,
      "max_relocations": 500,
      "random_seed": 7
    },
    "target_false_positive_rate": 0.0009765625
  },
  "false_positive_rate": 0.0005,
  "filter_params": {
    "bucket_size": 4,
    "capacity": 4167768,
    "false_positive_rate": 0.001,
    "fingerprint_bits": 13
  },
  "filter_type": "cuckoo",
  "inserted_keys": 4167768,
  "k": 21,
  "memory_per_kmer_bytes": 3.270692610529185,
  "memory_usage_bytes": 13631488,
  "p50_latency_us": 3.7077374989166856,
  "p95_latency_us": 3.7077374989166856,
  "p99_latency_us": 3.7077374989166856,
  "run_id": "cuckoo_bacillus_subtilis_k21_k21_72c0f937bc_run0",
  "throughput_qps": 269706.2562525466,
  "true_positive_rate": 1.0
}