{
  "avg_latency_us": 4.014275000372436,
  "build_time_seconds": 15.512798082985682,
  "cache_proxy": {
    "batch_size": 5000,
    "random_qps": 294499.24876063725,
    "repeated_qps": 312398.5811907326,
    "sequential_qps": 291044.79606380744
  },
  "dataset_name": "bacillus_subtilis_k21",
  "extra_stats": {
    "actual_memory_usage_bytes": 17825792,
    "build_time_seconds": 15.11097120901104,
    "built": true,
    "filter_name": "cuckoo",
    "fingerprint_only_false_positive_rate": 7.62939453125e-06,
    "inserted_keys": 4167768,
    "insertion_failures": 0,
    "load_factor": 0.49683666229248047,
    "parameters": {
      "bucket_count": 2097152,
      "bucket_size": 4,
      "capacity": 4167768,
      "fingerprint_bits": 17,
      "max_relocations": 500,
      "random_seed": 7
    },
    "target_false_positive_rate": 6.103515625e-05
  },
  "false_positive_rate": 0.0001,
  "filter_params": {
    "bucket_size": 4,
    "capacity": 4167768,
    "false_positive_rate": 0.0001,
    "fingerprint_bits": 17
  },
  "filter_type": "cuckoo",
  "inserted_keys": 4167768,
  "k": 21,
  "memory_per_kmer_bytes": 4.277059567615088,
  "memory_usage_bytes": 17825792,
  "p50_latency_us": 4.014275000372436,
  "p95_latency_us": 4.014275000372436,
  "p99_latency_us": 4.014275000372436,
  "run_id": "cuckoo_bacillus_subtilis_k21_k21_88375a5109_run0",
  "throughput_qps": 249110.98514855662,
  "true_positive_rate": 1.0
}