{
  "avg_latency_us": 3.748658299446106,
  "build_time_seconds": 15.408950999990338,
  "cache_proxy": {
    "batch_size": 5000,
    "random_qps": 305861.5801200276,
    "repeated_qps": 329407.28892536124,
    "sequential_qps": 302069.93405460706
  },
  "dataset_name": "bacillus_subtilis_k21",
  "extra_stats": {
    "actual_memory_usage_bytes": 10485760,
    "build_time_seconds": 14.928846916998737,
    "built": true,
    "filter_name": "cuckoo",
    "fingerprint_only_false_positive_rate": 0.0009765625,
    "inserted_keys": 4167768,
    "insertion_failures": 0,
    "load_factor": 0.49683666229248047,
    "parameters": {
      "bucket_count": 2097152,
      "bucket_size": 4,
      "capacity": 4167768,
      "fingerprint_bits": 10,
      "max_relocations": 500,
      "random_seed": 7
    },
    "target_false_positive_rate": 0.0078125
  },
  "false_positive_rate": 0.0024,
  "filter_params": {
    "bucket_size": 4,
    "capacity": 4167768,
    "false_positive_rate": 0.01,
    "fingerprint_bits": 10
  },
  "filter_type": "cuckoo",
  "inserted_keys": 4167768,
  "k": 21,
  "memory_per_kmer_bytes": 2.5159173927147576,
  "memory_usage_bytes": 10485760,
  "p50_latency_us": 3.748658299446106,
  "p95_latency_us": 3.748658299446106,
  "p99_latency_us": 3.748658299446106,
  "run_id": "cuckoo_bacillus_subtilis_k21_k21_9cd44952ef_run0",
  "throughput_qps": 266762.11063242494,
  "true_positive_rate": 1.0
}