{
  "avg_latency_us": 17.9600167015451,
  "build_time_seconds": 336.33095999999205,
  "cache_proxy": {
    "batch_size": 5000,
    "random_qps": 58919.44680834485,
    "repeated_qps": 61186.08216601525,
    "sequential_qps": 58758.64534408454
  },
  "dataset_name": "pseudomonas_aeruginosa_k15",
  "extra_stats": {
    "actual_memory_usage_bytes": 10381185,
    "build_time_seconds": 334.39879816700704,
    "built": true,
    "filter_name": "learned",
    "has_backup_filter": true,
    "inserted_keys": 5767198,
    "model_eval": {
      "accuracy": 0.4999835275255049,
      "avg_precision": 0.7075095793813279,
      "false_positive_rate": 0.0,
      "model_false_negative_count": 5767190.0,
      "model_false_negative_rate": 0.9999986128445737,
      "model_fnr": 0.9999988440762956,
      "model_fpr": 0.0,
      "roc_auc": 0.7220438530696369,
      "selected_threshold": 0.8968189272069022,
      "target_model_fpr": 0.001,
      "threshold": 0.8968189272069022,
      "true_positive_rate": 1.155923704411814e-06,
      "used_fallback_selection": 0.0
    },
    "parameters": {
      "backup_false_positive_rate": 0.001,
      "k": 15,
      "model_backend": "ngram_sgd",
      "model_threshold": 0.8968189272069022,
      "ngram_features": 4096,
      "ngram_range": [
        3,
        5
      ]
    },
    "target_false_positive_rate": 0.001
  },
  "false_positive_rate": 0.0008,
  "filter_params": {
    "backup_false_positive_rate": 0.001,
    "model_backend": "ngram_sgd",
    "model_threshold": 0.5,
    "ngram_features": 4096,
    "ngram_range": [
      3,
      5
    ]
  },
  "filter_type": "learned",
  "inserted_keys": 5767198,
  "k": 15,
  "memory_per_kmer_bytes": 1.8000396379663053,
  "memory_usage_bytes": 10381185,
  "p50_latency_us": 17.9600167015451,
  "p95_latency_us": 17.9600167015451,
  "p99_latency_us": 17.9600167015451,
  "run_id": "learned_pseudomonas_aeruginosa_k15_k15_ddf41a4ee3_run0",
  "throughput_qps": 55679.235527323865,
  "true_positive_rate": 1.0
}