{
  "avg_latency_us": 3.118675017807012,
  "build_time_seconds": 1.578489416046068,
  "cache_proxy": {
    "batch_size": 5000,
    "random_qps": 399351.71838463185,
    "repeated_qps": 435630.206879267,
    "sequential_qps": 399005.1361502753
  },
  "dataset_name": "synth_k31",
  "extra_stats": {
    "actual_memory_usage_bytes": 718449,
    "bits_per_item": 14.37758905343206,
    "build_time_seconds": 1.578438707976602,
    "built": true,
    "filter_name": "bloom",
    "inserted_keys": 399760,
    "parameters": {
      "expected_items": 399760,
      "false_positive_rate": 0.001,
      "hash_seed": 7,
      "num_bits": 5747585,
      "num_hashes": 10
    },
    "target_false_positive_rate": 0.001
  },
  "false_positive_rate": 0.0008,
  "filter_params": {
    "expected_items": 399760,
    "false_positive_rate": 0.001
  },
  "filter_type": "bloom",
  "inserted_keys": 399760,
  "k": 31,
  "memory_per_kmer_bytes": 1.7972008204922953,
  "memory_usage_bytes": 718449,
  "p50_latency_us": 3.118587494827807,
  "p95_latency_us": 3.118587494827807,
  "p99_latency_us": 3.118587494827807,
  "run_id": "bloom_synth_k31_k31_bc782e78ee_run2",
  "throughput_qps": 320648.9917321297,
  "true_positive_rate": 1.0
}