{
  "avg_latency_us": 3.896285383962095,
  "build_time_seconds": 1.9813192089786753,
  "cache_proxy": {
    "batch_size": 5000,
    "random_qps": 343679.3571637924,
    "repeated_qps": 337205.8888451796,
    "sequential_qps": 345497.7410282053
  },
  "dataset_name": "synth_k31",
  "extra_stats": {
    "actual_memory_usage_bytes": 957931,
    "bits_per_item": 19.170117070242146,
    "build_time_seconds": 1.9812175000552088,
    "built": true,
    "filter_name": "bloom",
    "inserted_keys": 399760,
    "parameters": {
      "expected_items": 399760,
      "false_positive_rate": 0.0001,
      "hash_seed": 7,
      "num_bits": 7663446,
      "num_hashes": 13
    },
    "target_false_positive_rate": 0.0001
  },
  "false_positive_rate": 0.0002,
  "filter_params": {
    "expected_items": 399760,
    "false_positive_rate": 0.0001
  },
  "filter_type": "bloom",
  "inserted_keys": 399760,
  "k": 31,
  "memory_per_kmer_bytes": 2.396265259155493,
  "memory_usage_bytes": 957931,
  "p50_latency_us": 3.8975770468823616,
  "p95_latency_us": 3.8975770468823616,
  "p99_latency_us": 3.8975770468823616,
  "run_id": "bloom_synth_k31_k31_4ac580e8a6_run0",
  "throughput_qps": 256654.71120678273,
  "true_positive_rate": 1.0
}