{
  "avg_latency_us": 2.7185228983095535,
  "build_time_seconds": 1.3096061249962077,
  "cache_proxy": {
    "batch_size": 5000,
    "random_qps": 441781.7614807148,
    "repeated_qps": 488698.16814392124,
    "sequential_qps": 437628.77967673016
  },
  "dataset_name": "synth_k31",
  "extra_stats": {
    "actual_memory_usage_bytes": 478966,
    "bits_per_item": 9.585058535121073,
    "build_time_seconds": 1.3095620829844847,
    "built": true,
    "filter_name": "bloom",
    "inserted_keys": 399760,
    "parameters": {
      "expected_items": 399760,
      "false_positive_rate": 0.01,
      "hash_seed": 7,
      "num_bits": 3831723,
      "num_hashes": 7
    },
    "target_false_positive_rate": 0.01
  },
  "false_positive_rate": 0.0101,
  "filter_params": {
    "expected_items": 399760,
    "false_positive_rate": 0.01
  },
  "filter_type": "bloom",
  "inserted_keys": 399760,
  "k": 31,
  "memory_per_kmer_bytes": 1.198133880328197,
  "memory_usage_bytes": 478966,
  "p50_latency_us": 2.7209645486436784,
  "p95_latency_us": 2.7209645486436784,
  "p99_latency_us": 2.7209645486436784,
  "run_id": "bloom_synth_k31_k31_0e4a3d5df7_run2",
  "throughput_qps": 367846.8188080466,
  "true_positive_rate": 1.0
}