{
  "avg_latency_us": 2.748276367007444,
  "build_time_seconds": 1.3275725840358064,
  "cache_proxy": {
    "batch_size": 5000,
    "random_qps": 433989.0646924182,
    "repeated_qps": 457266.53868831584,
    "sequential_qps": 424375.1594033248
  },
  "dataset_name": "synth_k31",
  "extra_stats": {
    "actual_memory_usage_bytes": 478966,
    "bits_per_item": 9.585058535121073,
    "build_time_seconds": 1.3274972499348223,
    "built": true,
    "filter_name": "bloom",
    "inserted_keys": 399760,
    "parameters": {
      "expected_items": 399760,
      "false_positive_rate": 0.01,
      "hash_seed": 7,
      "num_bits": 3831723,
      "num_hashes": 7
    },
    "target_false_positive_rate": 0.01
  },
  "false_positive_rate": 0.0096,
  "filter_params": {
    "expected_items": 399760,
    "false_positive_rate": 0.01
  },
  "filter_type": "bloom",
  "inserted_keys": 399760,
  "k": 31,
  "memory_per_kmer_bytes": 1.198133880328197,
  "memory_usage_bytes": 478966,
  "p50_latency_us": 2.749293699162081,
  "p95_latency_us": 2.749293699162081,
  "p99_latency_us": 2.749293699162081,
  "run_id": "bloom_synth_k31_k31_0e4a3d5df7_run0",
  "throughput_qps": 363864.42499190307,
  "true_positive_rate": 1.0
}