{
  "avg_latency_us": 3.1459972145967185,
  "build_time_seconds": 1.5786749169928953,
  "cache_proxy": {
    "batch_size": 5000,
    "random_qps": 393948.0740137116,
    "repeated_qps": 350660.17711704184,
    "sequential_qps": 394028.2756782499
  },
  "dataset_name": "synth_k31",
  "extra_stats": {
    "actual_memory_usage_bytes": 718449,
    "bits_per_item": 14.37758905343206,
    "build_time_seconds": 1.5786072079790756,
    "built": true,
    "filter_name": "bloom",
    "inserted_keys": 399760,
    "parameters": {
      "expected_items": 399760,
      "false_positive_rate": 0.001,
      "hash_seed": 7,
      "num_bits": 5747585,
      "num_hashes": 10
    },
    "target_false_positive_rate": 0.001
  },
  "false_positive_rate": 0.0007,
  "filter_params": {
    "expected_items": 399760,
    "false_positive_rate": 0.001
  },
  "filter_type": "bloom",
  "inserted_keys": 399760,
  "k": 31,
  "memory_per_kmer_bytes": 1.7972008204922953,
  "memory_usage_bytes": 718449,
  "p50_latency_us": 3.1457291450351477,
  "p95_latency_us": 3.1457291450351477,
  "p99_latency_us": 3.1457291450351477,
  "run_id": "bloom_synth_k31_k31_bc782e78ee_run1",
  "throughput_qps": 317864.2356580054,
  "true_positive_rate": 1.0
}