{
  "avg_latency_us": 3.578347899019718,
  "build_time_seconds": 1.8738253340125084,
  "cache_proxy": {
    "batch_size": 5000,
    "random_qps": 366191.9483505643,
    "repeated_qps": 396735.7329257057,
    "sequential_qps": 366252.3037615873
  },
  "dataset_name": "synth_k31",
  "extra_stats": {
    "actual_memory_usage_bytes": 957931,
    "bits_per_item": 19.170117070242146,
    "build_time_seconds": 1.8737631250405684,
    "built": true,
    "filter_name": "bloom",
    "inserted_keys": 399760,
    "parameters": {
      "expected_items": 399760,
      "false_positive_rate": 0.0001,
      "hash_seed": 7,
      "num_bits": 7663446,
      "num_hashes": 13
    },
    "target_false_positive_rate": 0.0001
  },
  "false_positive_rate": 0.0003,
  "filter_params": {
    "expected_items": 399760,
    "false_positive_rate": 0.0001
  },
  "filter_type": "bloom",
  "inserted_keys": 399760,
  "k": 31,
  "memory_per_kmer_bytes": 2.396265259155493,
  "memory_usage_bytes": 957931,
  "p50_latency_us": 3.579241648549214,
  "p95_latency_us": 3.579241648549214,
  "p99_latency_us": 3.579241648549214,
  "run_id": "bloom_synth_k31_k31_4ac580e8a6_run1",
  "throughput_qps": 279458.57368255005,
  "true_positive_rate": 1.0
}