{
  "avg_latency_us": 3.0378326502007744,
  "build_time_seconds": 1.542284082970582,
  "cache_proxy": {
    "batch_size": 5000,
    "random_qps": 417450.3482038671,
    "repeated_qps": 330350.4013007244,
    "sequential_qps": 418423.16065331013
  },
  "dataset_name": "synth_k31",
  "extra_stats": {
    "actual_memory_usage_bytes": 718449,
    "bits_per_item": 14.37758905343206,
    "build_time_seconds": 1.5422258329344913,
    "built": true,
    "filter_name": "bloom",
    "inserted_keys": 399760,
    "parameters": {
      "expected_items": 399760,
      "false_positive_rate": 0.001,
      "hash_seed": 7,
      "num_bits": 5747585,
      "num_hashes": 10
    },
    "target_false_positive_rate": 0.001
  },
  "false_positive_rate": 0.0012,
  "filter_params": {
    "expected_items": 399760,
    "false_positive_rate": 0.001
  },
  "filter_type": "bloom",
  "inserted_keys": 399760,
  "k": 31,
  "memory_per_kmer_bytes": 1.7972008204922953,
  "memory_usage_bytes": 718449,
  "p50_latency_us": 3.0396208516322076,
  "p95_latency_us": 3.0396208516322076,
  "p99_latency_us": 3.0396208516322076,
  "run_id": "bloom_synth_k31_k31_bc782e78ee_run1",
  "throughput_qps": 329182.05679760163,
  "true_positive_rate": 1.0
}