{
  "avg_latency_us": 3.329765284433961,
  "build_time_seconds": 1.647700332920067,
  "cache_proxy": {
    "batch_size": 5000,
    "random_qps": 385141.66622682166,
    "repeated_qps": 427715.9967790898,
    "sequential_qps": 380705.43141018524
  },
  "dataset_name": "synth_k31",
  "extra_stats": {
    "actual_memory_usage_bytes": 718449,
    "bits_per_item": 14.37758905343206,
    "build_time_seconds": 1.6474616250488907,
    "built": true,
    "filter_name": "bloom",
    "inserted_keys": 399760,
    "parameters": {
      "expected_items": 399760,
      "false_positive_rate": 0.001,
      "hash_seed": 7,
      "num_bits": 5747585,
      "num_hashes": 10
    },
    "target_false_positive_rate": 0.001
  },
  "false_positive_rate": 0.001,
  "filter_params": {
    "expected_items": 399760,
    "false_positive_rate": 0.001
  },
  "filter_type": "bloom",
  "inserted_keys": 399760,
  "k": 31,
  "memory_per_kmer_bytes": 1.7972008204922953,
  "memory_usage_bytes": 718449,
  "p50_latency_us": 3.308331302832812,
  "p95_latency_us": 3.308331302832812,
  "p99_latency_us": 3.308331302832812,
  "run_id": "bloom_synth_k31_k31_bc782e78ee_run0",
  "throughput_qps": 300321.46850554773,
  "true_positive_rate": 1.0
}