{
  "avg_latency_us": 2.6041513677531234,
  "build_time_seconds": 1.270044041913934,
  "cache_proxy": {
    "batch_size": 5000,
    "random_qps": 444260.1442956213,
    "repeated_qps": 444732.6827825465,
    "sequential_qps": 443129.82547464606
  },
  "dataset_name": "synth_k31",
  "extra_stats": {
    "actual_memory_usage_bytes": 478966,
    "bits_per_item": 9.585058535121073,
    "build_time_seconds": 1.270003292011097,
    "built": true,
    "filter_name": "bloom",
    "inserted_keys": 399760,
    "parameters": {
      "expected_items": 399760,
      "false_positive_rate": 0.01,
      "hash_seed": 7,
      "num_bits": 3831723,
      "num_hashes": 7
    },
    "target_false_positive_rate": 0.01
  },
  "false_positive_rate": 0.0095,
  "filter_params": {
    "expected_items": 399760,
    "false_positive_rate": 0.01
  },
  "filter_type": "bloom",
  "inserted_keys": 399760,
  "k": 31,
  "memory_per_kmer_bytes": 1.198133880328197,
  "memory_usage_bytes": 478966,
  "p50_latency_us": 2.607256197370589,
  "p95_latency_us": 2.607256197370589,
  "p99_latency_us": 2.607256197370589,
  "run_id": "bloom_synth_k31_k31_0e4a3d5df7_run2",
  "throughput_qps": 384002.2559298485,
  "true_positive_rate": 1.0
}