{
  "avg_latency_us": 2.659644432909166,
  "build_time_seconds": 1.2662454169476405,
  "cache_proxy": {
    "batch_size": 5000,
    "random_qps": 432393.47763785516,
    "repeated_qps": 380988.66480457544,
    "sequential_qps": 432463.6145133706
  },
  "dataset_name": "synth_k31",
  "extra_stats": {
    "actual_memory_usage_bytes": 478966,
    "bits_per_item": 9.585058535121073,
    "build_time_seconds": 1.2662024169694632,
    "built": true,
    "filter_name": "bloom",
    "inserted_keys": 399760,
    "parameters": {
      "expected_items": 399760,
      "false_positive_rate": 0.01,
      "hash_seed": 7,
      "num_bits": 3831723,
      "num_hashes": 7
    },
    "target_false_positive_rate": 0.01
  },
  "false_positive_rate": 0.0094,
  "filter_params": {
    "expected_items": 399760,
    "false_positive_rate": 0.01
  },
  "filter_type": "bloom",
  "inserted_keys": 399760,
  "k": 31,
  "memory_per_kmer_bytes": 1.198133880328197,
  "memory_usage_bytes": 478966,
  "p50_latency_us": 2.6581812533549964,
  "p95_latency_us": 2.6581812533549964,
  "p99_latency_us": 2.6581812533549964,
  "run_id": "bloom_synth_k31_k31_0e4a3d5df7_run1",
  "throughput_qps": 375990.10891323636,
  "true_positive_rate": 1.0
}