{
  "avg_latency_us": 3.766704149893485,
  "build_time_seconds": 27.031370125012472,
  "cache_proxy": {
    "batch_size": 5000,
    "random_qps": 308091.5122901985,
    "repeated_qps": 330354.0318819912,
    "sequential_qps": 307482.58875084925
  },
  "dataset_name": "pseudomonas_aeruginosa_k31",
  "extra_stats": {
    "actual_memory_usage_bytes": 7455655,
    "bits_per_item": 9.585058393171744,
    "build_time_seconds": 27.029764207982225,
    "built": true,
    "filter_name": "bloom",
    "inserted_keys": 6222731,
    "parameters": {
      "expected_items": 6222731,
      "false_positive_rate": 0.01,
      "hash_seed": 7,
      "num_bits": 59645240,
      "num_hashes": 7
    },
    "target_false_positive_rate": 0.01
  },
  "false_positive_rate": 0.0103,
  "filter_params": {
    "expected_items": 6222731,
    "false_positive_rate": 0.01
  },
  "filter_type": "bloom",
  "inserted_keys": 6222731,
  "k": 31,
  "memory_per_kmer_bytes": 1.198132299146468,
  "memory_usage_bytes": 7455655,
  "p50_latency_us": 3.766704149893485,
  "p95_latency_us": 3.766704149893485,
  "p99_latency_us": 3.766704149893485,
  "run_id": "bloom_pseudomonas_aeruginosa_k31_k31_6e35fb1366_run0",
  "throughput_qps": 265484.0837521784,
  "true_positive_rate": 1.0
}