filter_label,target_fpr,false_positive_rate_mean,false_positive_rate_std,n_observations
bloom,0.001,0.00095,0.0003118857599710626,12
cuckoo,0.001,0.0006,0.00015374122295716149,12
xor,0.001,0.0010583333333333332,0.0003028901190901153,12
learned,0.001,0.0011,0.0004067610422035835,12
