{
  "avg_latency_us": 3.6622979008825496,
  "build_time_seconds": 5.666931666986784,
  "cache_proxy": {
    "batch_size": 5000,
    "random_qps": 308066.20207558665,
    "repeated_qps": 309735.2453287779,
    "sequential_qps": 308390.0094662213
  },
  "dataset_name": "borreliella_burgdorferi_k21",
  "extra_stats": {
    "actual_memory_usage_bytes": 1602076,
    "bits_per_item": 9.585058901659059,
    "build_time_seconds": 5.666866707993904,
    "built": true,
    "filter_name": "bloom",
    "inserted_keys": 1337144,
    "parameters": {
      "expected_items": 1337144,
      "false_positive_rate": 0.01,
      "hash_seed": 7,
      "num_bits": 12816604,
      "num_hashes": 7
    },
    "target_false_positive_rate": 0.01
  },
  "false_positive_rate": 0.0092,
  "filter_params": {
    "expected_items": 1337144,
    "false_positive_rate": 0.01
  },
  "filter_type": "bloom",
  "inserted_keys": 1337144,
  "k": 21,
  "memory_per_kmer_bytes": 1.1981327366386867,
  "memory_usage_bytes": 1602076,
  "p50_latency_us": 3.6622979008825496,
  "p95_latency_us": 3.6622979008825496,
  "p99_latency_us": 3.6622979008825496,
  "run_id": "bloom_borreliella_burgdorferi_k21_k21_5115c207dd_run0",
  "throughput_qps": 273052.6098816313,
  "true_positive_rate": 1.0
}