{
  "avg_latency_us": 17.334477050462738,
  "build_time_seconds": 241.0686689169379,
  "cache_proxy": {
    "batch_size": 5000,
    "random_qps": 60367.689677491275,
    "repeated_qps": 65930.80563448658,
    "sequential_qps": 59458.256046971685
  },
  "dataset_name": "bacillus_subtilis_k21",
  "extra_stats": {
    "actual_memory_usage_bytes": 7506705,
    "build_time_seconds": 240.71510183403734,
    "built": true,
    "filter_name": "learned",
    "has_backup_filter": true,
    "has_prefilter": false,
    "inserted_keys": 4167768,
    "model_eval": {
      "accuracy": 0.4994065566690394,
      "avg_precision": 0.6459529068109279,
      "false_positive_rate": 0.0,
      "model_false_negative_count": 4167767.0,
      "model_false_negative_rate": 0.9999997600634201,
      "model_fnr": 0.9999984023211079,
      "model_fpr": 0.0,
      "roc_auc": 0.6618933991909329,
      "selected_threshold": 0.8833670031354249,
      "target_model_fpr": 0.001,
      "threshold": 0.8833670031354249,
      "true_positive_rate": 1.597678892105549e-06,
      "used_fallback_selection": 0.0
    },
    "parameters": {
      "backup_false_positive_rate": 0.001,
      "k": 21,
      "model_backend": "ngram_sgd",
      "model_false_positive_rate": 0.001,
      "model_threshold": 0.8833670031354249,
      "ngram_features": 4096,
      "ngram_range": [
        3,
        5
      ],
      "prefilter_false_positive_rate": null,
      "refit_model_on_full_dataset": false,
      "total_false_positive_rate": 0.001
    },
    "target_false_positive_rate": 0.001
  },
  "false_positive_rate": 0.0018,
  "filter_params": {
    "backup_false_positive_rate": 0.001,
    "model_backend": "ngram_sgd",
    "model_threshold": 0.5,
    "ngram_features": 4096,
    "ngram_range": [
      3,
      5
    ]
  },
  "filter_type": "learned",
  "inserted_keys": 4167768,
  "k": 21,
  "memory_per_kmer_bytes": 1.8011331244925342,
  "memory_usage_bytes": 7506705,
  "p50_latency_us": 17.334477050462738,
  "p95_latency_us": 17.334477050462738,
  "p99_latency_us": 17.334477050462738,
  "run_id": "learned_bacillus_subtilis_k21_k21_ddf41a4ee3_run0",
  "throughput_qps": 57688.50119267402,
  "true_positive_rate": 1.0
}