{
  "avg_latency_us": 3.3005645809074244,
  "build_time_seconds": 1.6631726659834385,
  "cache_proxy": {
    "batch_size": 5000,
    "random_qps": 377046.2582219425,
    "repeated_qps": 395275.1546027694,
    "sequential_qps": 387709.1842908864
  },
  "dataset_name": "synth_k21",
  "extra_stats": {
    "actual_memory_usage_bytes": 718592,
    "bits_per_item": 14.377588535414166,
    "build_time_seconds": 1.663099291967228,
    "built": true,
    "filter_name": "bloom",
    "inserted_keys": 399840,
    "parameters": {
      "expected_items": 399840,
      "false_positive_rate": 0.001,
      "hash_seed": 7,
      "num_bits": 5748735,
      "num_hashes": 10
    },
    "target_false_positive_rate": 0.001
  },
  "false_positive_rate": 0.0013,
  "filter_params": {
    "expected_items": 399840,
    "false_positive_rate": 0.001
  },
  "filter_type": "bloom",
  "inserted_keys": 399840,
  "k": 21,
  "memory_per_kmer_bytes": 1.7971988795518208,
  "memory_usage_bytes": 718592,
  "p50_latency_us": 3.295266698114574,
  "p95_latency_us": 3.295266698114574,
  "p99_latency_us": 3.295266698114574,
  "run_id": "bloom_synth_k21_k21_48cc672018_run0",
  "throughput_qps": 302978.4679217123,
  "true_positive_rate": 1.0
}