{
  "avg_latency_us": 3.674484717582042,
  "build_time_seconds": 1.944217332988046,
  "cache_proxy": {
    "batch_size": 5000,
    "random_qps": 364004.7797228431,
    "repeated_qps": 349056.3835056017,
    "sequential_qps": 339833.90981093835
  },
  "dataset_name": "synth_k21",
  "extra_stats": {
    "actual_memory_usage_bytes": 958123,
    "bits_per_item": 19.17011804721889,
    "build_time_seconds": 1.9441250000381842,
    "built": true,
    "filter_name": "bloom",
    "inserted_keys": 399840,
    "parameters": {
      "expected_items": 399840,
      "false_positive_rate": 0.0001,
      "hash_seed": 7,
      "num_bits": 7664980,
      "num_hashes": 13
    },
    "target_false_positive_rate": 0.0001
  },
  "false_positive_rate": 0.0001,
  "filter_params": {
    "expected_items": 399840,
    "false_positive_rate": 0.0001
  },
  "filter_type": "bloom",
  "inserted_keys": 399840,
  "k": 21,
  "memory_per_kmer_bytes": 2.396266006402561,
  "memory_usage_bytes": 958123,
  "p50_latency_us": 3.7097812513820827,
  "p95_latency_us": 3.7097812513820827,
  "p99_latency_us": 3.7097812513820827,
  "run_id": "bloom_synth_k21_k21_7e33c18754_run0",
  "throughput_qps": 272147.00205857435,
  "true_positive_rate": 1.0
}