{
  "avg_latency_us": 3.954618734618028,
  "build_time_seconds": 1.9430645829997957,
  "cache_proxy": {
    "batch_size": 5000,
    "random_qps": 361022.0645253135,
    "repeated_qps": 390997.07726776483,
    "sequential_qps": 359239.49815970537
  },
  "dataset_name": "synth_k21",
  "extra_stats": {
    "actual_memory_usage_bytes": 958123,
    "bits_per_item": 19.17011804721889,
    "build_time_seconds": 1.9429710420081392,
    "built": true,
    "filter_name": "bloom",
    "inserted_keys": 399840,
    "parameters": {
      "expected_items": 399840,
      "false_positive_rate": 0.0001,
      "hash_seed": 7,
      "num_bits": 7664980,
      "num_hashes": 13
    },
    "target_false_positive_rate": 0.0001
  },
  "false_positive_rate": 0.0002,
  "filter_params": {
    "expected_items": 399840,
    "false_positive_rate": 0.0001
  },
  "filter_type": "bloom",
  "inserted_keys": 399840,
  "k": 21,
  "memory_per_kmer_bytes": 2.396266006402561,
  "memory_usage_bytes": 958123,
  "p50_latency_us": 3.961020801216364,
  "p95_latency_us": 3.961020801216364,
  "p99_latency_us": 3.961020801216364,
  "run_id": "bloom_synth_k21_k21_7e33c18754_run2",
  "throughput_qps": 252868.87740812486,
  "true_positive_rate": 1.0
}