{
  "avg_latency_us": 3.4721368011863283,
  "build_time_seconds": 1.6143147080438212,
  "cache_proxy": {
    "batch_size": 5000,
    "random_qps": 388757.99058760406,
    "repeated_qps": 377354.1517733645,
    "sequential_qps": 369877.21079674887
  },
  "dataset_name": "synth_k21",
  "extra_stats": {
    "actual_memory_usage_bytes": 718592,
    "bits_per_item": 14.377588535414166,
    "build_time_seconds": 1.613985874922946,
    "built": true,
    "filter_name": "bloom",
    "inserted_keys": 399840,
    "parameters": {
      "expected_items": 399840,
      "false_positive_rate": 0.001,
      "hash_seed": 7,
      "num_bits": 5748735,
      "num_hashes": 10
    },
    "target_false_positive_rate": 0.001
  },
  "false_positive_rate": 0.0014,
  "filter_params": {
    "expected_items": 399840,
    "false_positive_rate": 0.001
  },
  "filter_type": "bloom",
  "inserted_keys": 399840,
  "k": 21,
  "memory_per_kmer_bytes": 1.7971988795518208,
  "memory_usage_bytes": 718592,
  "p50_latency_us": 3.4260062500834465,
  "p95_latency_us": 3.4260062500834465,
  "p99_latency_us": 3.4260062500834465,
  "run_id": "bloom_synth_k21_k21_48cc672018_run0",
  "throughput_qps": 288007.0853367094,
  "true_positive_rate": 1.0
}