{
  "avg_latency_us": 2.7293889162441096,
  "build_time_seconds": 1.297202166984789,
  "cache_proxy": {
    "batch_size": 5000,
    "random_qps": 455861.22014086274,
    "repeated_qps": 444243.15914628125,
    "sequential_qps": 450759.53938552225
  },
  "dataset_name": "synth_k21",
  "extra_stats": {
    "actual_memory_usage_bytes": 479062,
    "bits_per_item": 9.585059023609444,
    "build_time_seconds": 1.2971680420450866,
    "built": true,
    "filter_name": "bloom",
    "inserted_keys": 399840,
    "parameters": {
      "expected_items": 399840,
      "false_positive_rate": 0.01,
      "hash_seed": 7,
      "num_bits": 3832490,
      "num_hashes": 7
    },
    "target_false_positive_rate": 0.01
  },
  "false_positive_rate": 0.01,
  "filter_params": {
    "expected_items": 399840,
    "false_positive_rate": 0.01
  },
  "filter_type": "bloom",
  "inserted_keys": 399840,
  "k": 21,
  "memory_per_kmer_bytes": 1.1981342537014805,
  "memory_usage_bytes": 479062,
  "p50_latency_us": 2.703614649362862,
  "p95_latency_us": 2.703614649362862,
  "p99_latency_us": 2.703614649362862,
  "run_id": "bloom_synth_k21_k21_1585bafafe_run0",
  "throughput_qps": 366382.37740632874,
  "true_positive_rate": 1.0
}