{
  "avg_latency_us": 3.1136930473924926,
  "build_time_seconds": 1.6501713329926133,
  "cache_proxy": {
    "batch_size": 5000,
    "random_qps": 396777.7291451483,
    "repeated_qps": 448448.93966912525,
    "sequential_qps": 397293.55244173296
  },
  "dataset_name": "synth_k21",
  "extra_stats": {
    "actual_memory_usage_bytes": 718592,
    "bits_per_item": 14.377588535414166,
    "build_time_seconds": 1.6499861249467358,
    "built": true,
    "filter_name": "bloom",
    "inserted_keys": 399840,
    "parameters": {
      "expected_items": 399840,
      "false_positive_rate": 0.001,
      "hash_seed": 7,
      "num_bits": 5748735,
      "num_hashes": 10
    },
    "target_false_positive_rate": 0.001
  },
  "false_positive_rate": 0.0005,
  "filter_params": {
    "expected_items": 399840,
    "false_positive_rate": 0.001
  },
  "filter_type": "bloom",
  "inserted_keys": 399840,
  "k": 21,
  "memory_per_kmer_bytes": 1.7971988795518208,
  "memory_usage_bytes": 718592,
  "p50_latency_us": 3.1067812466062605,
  "p95_latency_us": 3.1067812466062605,
  "p99_latency_us": 3.1067812466062605,
  "run_id": "bloom_synth_k21_k21_48cc672018_run1",
  "throughput_qps": 321162.03645617294,
  "true_positive_rate": 1.0
}