{
  "avg_latency_us": 3.8078944645045945,
  "build_time_seconds": 2.000139082898386,
  "cache_proxy": {
    "batch_size": 5000,
    "random_qps": 312613.69970569544,
    "repeated_qps": 355266.4239022776,
    "sequential_qps": 346905.3659402127
  },
  "dataset_name": "synth_k21",
  "extra_stats": {
    "actual_memory_usage_bytes": 958123,
    "bits_per_item": 19.17011804721889,
    "build_time_seconds": 2.0000692500034347,
    "built": true,
    "filter_name": "bloom",
    "inserted_keys": 399840,
    "parameters": {
      "expected_items": 399840,
      "false_positive_rate": 0.0001,
      "hash_seed": 7,
      "num_bits": 7664980,
      "num_hashes": 13
    },
    "target_false_positive_rate": 0.0001
  },
  "false_positive_rate": 0.0,
  "filter_params": {
    "expected_items": 399840,
    "false_positive_rate": 0.0001
  },
  "filter_type": "bloom",
  "inserted_keys": 399840,
  "k": 21,
  "memory_per_kmer_bytes": 2.396266006402561,
  "memory_usage_bytes": 958123,
  "p50_latency_us": 3.769304195884615,
  "p95_latency_us": 3.769304195884615,
  "p99_latency_us": 3.769304195884615,
  "run_id": "bloom_synth_k21_k21_7e33c18754_run1",
  "throughput_qps": 262612.32009487937,
  "true_positive_rate": 1.0
}