{
  "avg_latency_us": 3.320827098408093,
  "build_time_seconds": 1.660627624951303,
  "cache_proxy": {
    "batch_size": 5000,
    "random_qps": 389321.34065814153,
    "repeated_qps": 426820.45296386397,
    "sequential_qps": 382950.6085505988
  },
  "dataset_name": "synth_k21",
  "extra_stats": {
    "actual_memory_usage_bytes": 718592,
    "bits_per_item": 14.377588535414166,
    "build_time_seconds": 1.660564958001487,
    "built": true,
    "filter_name": "bloom",
    "inserted_keys": 399840,
    "parameters": {
      "expected_items": 399840,
      "false_positive_rate": 0.001,
      "hash_seed": 7,
      "num_bits": 5748735,
      "num_hashes": 10
    },
    "target_false_positive_rate": 0.001
  },
  "false_positive_rate": 0.0012,
  "filter_params": {
    "expected_items": 399840,
    "false_positive_rate": 0.001
  },
  "filter_type": "bloom",
  "inserted_keys": 399840,
  "k": 21,
  "memory_per_kmer_bytes": 1.7971988795518208,
  "memory_usage_bytes": 718592,
  "p50_latency_us": 3.324318752856925,
  "p95_latency_us": 3.324318752856925,
  "p99_latency_us": 3.324318752856925,
  "run_id": "bloom_synth_k21_k21_48cc672018_run1",
  "throughput_qps": 301129.8000065618,
  "true_positive_rate": 1.0
}