{
  "avg_latency_us": 2.6228340478458754,
  "build_time_seconds": 1.2815283340169117,
  "cache_proxy": {
    "batch_size": 5000,
    "random_qps": 441331.6769779909,
    "repeated_qps": 510955.0099042354,
    "sequential_qps": 451735.79417541844
  },
  "dataset_name": "synth_k21",
  "extra_stats": {
    "actual_memory_usage_bytes": 479062,
    "bits_per_item": 9.585059023609444,
    "build_time_seconds": 1.2814747500233352,
    "built": true,
    "filter_name": "bloom",
    "inserted_keys": 399840,
    "parameters": {
      "expected_items": 399840,
      "false_positive_rate": 0.01,
      "hash_seed": 7,
      "num_bits": 3832490,
      "num_hashes": 7
    },
    "target_false_positive_rate": 0.01
  },
  "false_positive_rate": 0.0092,
  "filter_params": {
    "expected_items": 399840,
    "false_positive_rate": 0.01
  },
  "filter_type": "bloom",
  "inserted_keys": 399840,
  "k": 21,
  "memory_per_kmer_bytes": 1.1981342537014805,
  "memory_usage_bytes": 479062,
  "p50_latency_us": 2.6242937485221773,
  "p95_latency_us": 2.6242937485221773,
  "p99_latency_us": 2.6242937485221773,
  "run_id": "bloom_synth_k21_k21_1585bafafe_run2",
  "throughput_qps": 381266.97372305987,
  "true_positive_rate": 1.0
}