{
  "avg_latency_us": 2.9038201454871646,
  "build_time_seconds": 1.3490702910348773,
  "cache_proxy": {
    "batch_size": 5000,
    "random_qps": 403925.24811215,
    "repeated_qps": 349228.402036077,
    "sequential_qps": 409837.93631385505
  },
  "dataset_name": "synth_k21",
  "extra_stats": {
    "actual_memory_usage_bytes": 479062,
    "bits_per_item": 9.585059023609444,
    "build_time_seconds": 1.3490293330978602,
    "built": true,
    "filter_name": "bloom",
    "inserted_keys": 399840,
    "parameters": {
      "expected_items": 399840,
      "false_positive_rate": 0.01,
      "hash_seed": 7,
      "num_bits": 3832490,
      "num_hashes": 7
    },
    "target_false_positive_rate": 0.01
  },
  "false_positive_rate": 0.011,
  "filter_params": {
    "expected_items": 399840,
    "false_positive_rate": 0.01
  },
  "filter_type": "bloom",
  "inserted_keys": 399840,
  "k": 21,
  "memory_per_kmer_bytes": 1.1981342537014805,
  "memory_usage_bytes": 479062,
  "p50_latency_us": 2.941537497099489,
  "p95_latency_us": 2.941537497099489,
  "p99_latency_us": 2.941537497099489,
  "run_id": "bloom_synth_k21_k21_1585bafafe_run0",
  "throughput_qps": 344373.94531961734,
  "true_positive_rate": 1.0
}