{
  "avg_latency_us": 3.7582707998808473,
  "build_time_seconds": 16.069502916012425,
  "cache_proxy": {
    "batch_size": 5000,
    "random_qps": 292923.2153315523,
    "repeated_qps": 351938.1528433948,
    "sequential_qps": 304391.6099768215
  },
  "dataset_name": "ecoli_k21",
  "extra_stats": {
    "actual_memory_usage_bytes": 10485760,
    "build_time_seconds": 15.577210291012307,
    "built": true,
    "filter_name": "cuckoo",
    "fingerprint_only_false_positive_rate": 0.0009765625,
    "inserted_keys": 4562542,
    "insertion_failures": 0,
    "load_factor": 0.5438973903656006,
    "parameters": {
      "bucket_count": 2097152,
      "bucket_size": 4,
      "capacity": 4562542,
      "fingerprint_bits": 10,
      "max_relocations": 500,
      "random_seed": 7
    },
    "target_false_positive_rate": 0.0078125
  },
  "false_positive_rate": 0.0043,
  "filter_params": {
    "bucket_size": 4,
    "capacity": 4562542,
    "false_positive_rate": 0.01,
    "fingerprint_bits": 10
  },
  "filter_type": "cuckoo",
  "inserted_keys": 4562542,
  "k": 21,
  "memory_per_kmer_bytes": 2.29822761083624,
  "memory_usage_bytes": 10485760,
  "p50_latency_us": 3.7582707998808473,
  "p95_latency_us": 3.7582707998808473,
  "p99_latency_us": 3.7582707998808473,
  "run_id": "cuckoo_ecoli_k21_k21_e909f7ef5f_run0",
  "throughput_qps": 266079.81522558304,
  "true_positive_rate": 1.0
}