{
  "avg_latency_us": 3.6988666499382816,
  "build_time_seconds": 26.563468208012637,
  "cache_proxy": {
    "batch_size": 5000,
    "random_qps": 313350.8323535148,
    "repeated_qps": 332614.20668409485,
    "sequential_qps": 309511.28176011384
  },
  "dataset_name": "pseudomonas_aeruginosa_k21",
  "extra_stats": {
    "actual_memory_usage_bytes": 7443559,
    "bits_per_item": 9.585058513819016,
    "build_time_seconds": 26.561869582976215,
    "built": true,
    "filter_name": "bloom",
    "inserted_keys": 6212635,
    "parameters": {
      "expected_items": 6212635,
      "false_positive_rate": 0.01,
      "hash_seed": 7,
      "num_bits": 59548470,
      "num_hashes": 7
    },
    "target_false_positive_rate": 0.01
  },
  "false_positive_rate": 0.0102,
  "filter_params": {
    "expected_items": 6212635,
    "false_positive_rate": 0.01
  },
  "filter_type": "bloom",
  "inserted_keys": 6212635,
  "k": 21,
  "memory_per_kmer_bytes": 1.1981323544679512,
  "memory_usage_bytes": 7443559,
  "p50_latency_us": 3.6988666499382816,
  "p95_latency_us": 3.6988666499382816,
  "p99_latency_us": 3.6988666499382816,
  "run_id": "bloom_pseudomonas_aeruginosa_k21_k21_4671c765a5_run0",
  "throughput_qps": 270353.0823466387,
  "true_positive_rate": 1.0
}