{
  "avg_latency_us": 4.6128541507641785,
  "build_time_seconds": 33.14968766699894,
  "cache_proxy": {
    "batch_size": 5000,
    "random_qps": 276931.1685627768,
    "repeated_qps": 288715.09138029104,
    "sequential_qps": 278889.24442457827
  },
  "dataset_name": "pseudomonas_aeruginosa_k21",
  "extra_stats": {
    "actual_memory_usage_bytes": 11165338,
    "bits_per_item": 14.377587609766227,
    "build_time_seconds": 33.14732108300086,
    "built": true,
    "filter_name": "bloom",
    "inserted_keys": 6212635,
    "parameters": {
      "expected_items": 6212635,
      "false_positive_rate": 0.001,
      "hash_seed": 7,
      "num_bits": 89322704,
      "num_hashes": 10
    },
    "target_false_positive_rate": 0.001
  },
  "false_positive_rate": 0.0011,
  "filter_params": {
    "expected_items": 6212635,
    "false_positive_rate": 0.001
  },
  "filter_type": "bloom",
  "inserted_keys": 6212635,
  "k": 21,
  "memory_per_kmer_bytes": 1.7971984512207784,
  "memory_usage_bytes": 11165338,
  "p50_latency_us": 4.6128541507641785,
  "p95_latency_us": 4.6128541507641785,
  "p99_latency_us": 4.6128541507641785,
  "run_id": "bloom_pseudomonas_aeruginosa_k21_k21_74052d8b08_run0",
  "throughput_qps": 216785.52308755246,
  "true_positive_rate": 1.0
}