{
  "avg_latency_us": 3.6062208004295826,
  "build_time_seconds": 31.21091962500941,
  "cache_proxy": {
    "batch_size": 5000,
    "random_qps": 390490.24983123026,
    "repeated_qps": 364861.4144846044,
    "sequential_qps": 385439.3840217135
  },
  "dataset_name": "pseudomonas_aeruginosa_k21",
  "extra_stats": {
    "actual_memory_usage_bytes": 11165338,
    "bits_per_item": 14.377587609766227,
    "build_time_seconds": 31.210096958093345,
    "built": true,
    "filter_name": "bloom",
    "inserted_keys": 6212635,
    "parameters": {
      "expected_items": 6212635,
      "false_positive_rate": 0.001,
      "hash_seed": 7,
      "num_bits": 89322704,
      "num_hashes": 10
    },
    "target_false_positive_rate": 0.001
  },
  "false_positive_rate": 0.0008,
  "filter_params": {
    "expected_items": 6212635,
    "false_positive_rate": 0.001
  },
  "filter_type": "bloom",
  "inserted_keys": 6212635,
  "k": 21,
  "memory_per_kmer_bytes": 1.7971984512207784,
  "memory_usage_bytes": 11165338,
  "p50_latency_us": 3.6062208004295826,
  "p95_latency_us": 3.6062208004295826,
  "p99_latency_us": 3.6062208004295826,
  "run_id": "bloom_pseudomonas_aeruginosa_k21_k21_74052d8b08_run0",
  "throughput_qps": 277298.60575394536,
  "true_positive_rate": 1.0
}