{
  "avg_latency_us": 2.897922950796783,
  "build_time_seconds": 11.801192583050579,
  "cache_proxy": {
    "batch_size": 5000,
    "random_qps": 313260.5830800464,
    "repeated_qps": 448083.8823309759,
    "sequential_qps": 342058.0322316371
  },
  "dataset_name": "bacillus_subtilis_k31",
  "extra_stats": {
    "actual_memory_usage_bytes": 13631488,
    "build_time_seconds": 11.542843334027566,
    "built": true,
    "filter_name": "cuckoo",
    "fingerprint_only_false_positive_rate": 0.0001220703125,
    "inserted_keys": 4170526,
    "insertion_failures": 0,
    "load_factor": 0.4971654415130615,
    "parameters": {
      "bucket_count": 2097152,
      "bucket_size": 4,
      "capacity": 4170526,
      "fingerprint_bits": 13,
      "max_relocations": 500,
      "random_seed": 7
    },
    "target_false_positive_rate": 0.0009765625
  },
  "false_positive_rate": 0.0006,
  "filter_params": {
    "bucket_size": 4,
    "capacity": 4170526,
    "false_positive_rate": 0.001,
    "fingerprint_bits": 13
  },
  "filter_type": "cuckoo",
  "inserted_keys": 4170526,
  "k": 31,
  "memory_per_kmer_bytes": 3.268529677071909,
  "memory_usage_bytes": 13631488,
  "p50_latency_us": 2.897922950796783,
  "p95_latency_us": 2.897922950796783,
  "p99_latency_us": 2.897922950796783,
  "run_id": "cuckoo_bacillus_subtilis_k31_k31_608a2cbd8e_run0",
  "throughput_qps": 345074.7369680931,
  "true_positive_rate": 1.0
}