{
  "avg_latency_us": 10.018045833567157,
  "build_time_seconds": 13.259272624971345,
  "cache_proxy": {
    "batch_size": 5000,
    "random_qps": 111793.67353127072,
    "repeated_qps": 113010.84434270601,
    "sequential_qps": 107897.07699091105
  },
  "dataset_name": "synth_k15",
  "extra_stats": {
    "actual_memory_usage_bytes": 719087,
    "build_time_seconds": 13.22854375001043,
    "built": true,
    "filter_name": "learned",
    "has_backup_filter": true,
    "inserted_keys": 399820,
    "model_eval": {
      "accuracy": 0.4997415503643306,
      "avg_precision": 0.5048390250589031,
      "false_positive_rate": 0.0,
      "model_false_negative_count": 399817.0,
      "model_false_negative_rate": 0.9999924966234806,
      "model_fnr": 0.9999833347221065,
      "model_fpr": 0.0,
      "roc_auc": 0.5068871555321208,
      "selected_threshold": 0.5388859120022628,
      "target_model_fpr": 0.001,
      "threshold": 0.5388859120022628,
      "true_positive_rate": 1.6665277893508874e-05,
      "used_fallback_selection": 0.0
    },
    "parameters": {
      "backup_false_positive_rate": 0.001,
      "k": 15,
      "model_threshold": 0.5388859120022628
    },
    "target_false_positive_rate": 0.001
  },
  "false_positive_rate": 0.0011,
  "filter_params": {
    "backup_false_positive_rate": 0.001,
    "model_threshold": 0.5
  },
  "filter_type": "learned",
  "inserted_keys": 399820,
  "k": 15,
  "memory_per_kmer_bytes": 1.7985268370766845,
  "memory_usage_bytes": 719087,
  "p50_latency_us": 10.038781247567385,
  "p95_latency_us": 10.038781247567385,
  "p99_latency_us": 10.038781247567385,
  "run_id": "learned_synth_k15_k15_a0d8f21c39_run0",
  "throughput_qps": 99819.86672982977,
  "true_positive_rate": 1.0
}