{
  "avg_latency_us": 10.099459732494628,
  "build_time_seconds": 12.828791541978717,
  "cache_proxy": {
    "batch_size": 5000,
    "random_qps": 104191.47881166573,
    "repeated_qps": 109139.3933066961,
    "sequential_qps": 104961.68435569356
  },
  "dataset_name": "synth_k15",
  "extra_stats": {
    "actual_memory_usage_bytes": 719087,
    "build_time_seconds": 12.795493416953832,
    "built": true,
    "filter_name": "learned",
    "has_backup_filter": true,
    "inserted_keys": 399820,
    "model_eval": {
      "accuracy": 0.4997415503643306,
      "avg_precision": 0.5048390250589031,
      "false_positive_rate": 0.0,
      "model_false_negative_count": 399817.0,
      "model_false_negative_rate": 0.9999924966234806,
      "model_fnr": 0.9999833347221065,
      "model_fpr": 0.0,
      "roc_auc": 0.5068871555321208,
      "selected_threshold": 0.5388859120022628,
      "target_model_fpr": 0.001,
      "threshold": 0.5388859120022628,
      "true_positive_rate": 1.6665277893508874e-05,
      "used_fallback_selection": 0.0
    },
    "parameters": {
      "backup_false_positive_rate": 0.001,
      "k": 15,
      "model_threshold": 0.5388859120022628
    },
    "target_false_positive_rate": 0.001
  },
  "false_positive_rate": 0.001,
  "filter_params": {
    "backup_false_positive_rate": 0.001,
    "model_threshold": 0.5
  },
  "filter_type": "learned",
  "inserted_keys": 399820,
  "k": 15,
  "memory_per_kmer_bytes": 1.7985268370766845,
  "memory_usage_bytes": 719087,
  "p50_latency_us": 10.09048749692738,
  "p95_latency_us": 10.09048749692738,
  "p99_latency_us": 10.09048749692738,
  "run_id": "learned_synth_k15_k15_a0d8f21c39_run2",
  "throughput_qps": 99015.19749443013,
  "true_positive_rate": 1.0
}