{
  "avg_latency_us": 9.178106950518364,
  "build_time_seconds": 12.467328125028871,
  "cache_proxy": {
    "batch_size": 5000,
    "random_qps": 119194.56342694344,
    "repeated_qps": 119289.86820097682,
    "sequential_qps": 114820.88905458551
  },
  "dataset_name": "synth_k15",
  "extra_stats": {
    "actual_memory_usage_bytes": 474520,
    "build_time_seconds": 12.438896500039846,
    "built": true,
    "filter_name": "learned",
    "has_backup_filter": true,
    "inserted_keys": 399820,
    "model_eval": {
      "accuracy": 0.5000333483400864,
      "avg_precision": 0.5048390250589031,
      "false_positive_rate": 0.00970954772192656,
      "model_false_negative_count": 395602.0,
      "model_false_negative_rate": 0.9894502526136761,
      "model_fnr": 0.9897008582618115,
      "model_fpr": 0.00970954772192656,
      "roc_auc": 0.5068871555321208,
      "selected_threshold": 0.523380846145032,
      "target_model_fpr": 0.01,
      "threshold": 0.523380846145032,
      "true_positive_rate": 0.010299141738188484,
      "used_fallback_selection": 0.0
    },
    "parameters": {
      "backup_false_positive_rate": 0.01,
      "k": 15,
      "model_threshold": 0.523380846145032
    },
    "target_false_positive_rate": 0.01
  },
  "false_positive_rate": 0.0191,
  "filter_params": {
    "backup_false_positive_rate": 0.01,
    "model_threshold": 0.5
  },
  "filter_type": "learned",
  "inserted_keys": 399820,
  "k": 15,
  "memory_per_kmer_bytes": 1.1868340753339002,
  "memory_usage_bytes": 474520,
  "p50_latency_us": 9.089045797009021,
  "p95_latency_us": 9.089045797009021,
  "p99_latency_us": 9.089045797009021,
  "run_id": "learned_synth_k15_k15_2bcd7895b0_run0",
  "throughput_qps": 108954.92996445435,
  "true_positive_rate": 1.0
}