{
  "avg_latency_us": 10.754804848693311,
  "build_time_seconds": 13.219644249998964,
  "cache_proxy": {
    "batch_size": 5000,
    "random_qps": 97800.49496353483,
    "repeated_qps": 111479.16501526712,
    "sequential_qps": 100236.22265850089
  },
  "dataset_name": "synth_k15",
  "extra_stats": {
    "actual_memory_usage_bytes": 958604,
    "build_time_seconds": 13.187334166024812,
    "built": true,
    "filter_name": "learned",
    "has_backup_filter": true,
    "inserted_keys": 399820,
    "model_eval": {
      "accuracy": 0.4997415503643306,
      "avg_precision": 0.5048390250589031,
      "false_positive_rate": 0.0,
      "model_false_negative_count": 399817.0,
      "model_false_negative_rate": 0.9999924966234806,
      "model_fnr": 0.9999833347221065,
      "model_fpr": 0.0,
      "roc_auc": 0.5068871555321208,
      "selected_threshold": 0.5388859120022628,
      "target_model_fpr": 0.0001,
      "threshold": 0.5388859120022628,
      "true_positive_rate": 1.6665277893508874e-05,
      "used_fallback_selection": 0.0
    },
    "parameters": {
      "backup_false_positive_rate": 0.0001,
      "k": 15,
      "model_threshold": 0.5388859120022628
    },
    "target_false_positive_rate": 0.0001
  },
  "false_positive_rate": 0.0002,
  "filter_params": {
    "backup_false_positive_rate": 0.0001,
    "model_threshold": 0.5
  },
  "filter_type": "learned",
  "inserted_keys": 399820,
  "k": 15,
  "memory_per_kmer_bytes": 2.397588915011755,
  "memory_usage_bytes": 958604,
  "p50_latency_us": 10.75915414839983,
  "p95_latency_us": 10.75915414839983,
  "p99_latency_us": 10.75915414839983,
  "run_id": "learned_synth_k15_k15_9a0192be26_run2",
  "throughput_qps": 92981.69646671908,
  "true_positive_rate": 1.0
}