{
  "avg_latency_us": 12.139340284435699,
  "build_time_seconds": 16.208075417089276,
  "cache_proxy": {
    "batch_size": 5000,
    "random_qps": 83518.96997500437,
    "repeated_qps": 90695.81884811766,
    "sequential_qps": 85499.21466830574
  },
  "dataset_name": "synth_k15",
  "extra_stats": {
    "actual_memory_usage_bytes": 490170,
    "build_time_seconds": 16.17801104206592,
    "built": true,
    "filter_name": "learned",
    "has_backup_filter": true,
    "inserted_keys": 399820,
    "model_eval": {
      "accuracy": 0.5008170343321161,
      "avg_precision": 0.5137767621387354,
      "false_positive_rate": 0.008925443352630087,
      "model_false_negative_count": 395423.0,
      "model_false_negative_rate": 0.9890025511480166,
      "model_fnr": 0.9889175902008166,
      "model_fpr": 0.008925443352630087,
      "roc_auc": 0.516707246502029,
      "selected_threshold": 0.5789923151011411,
      "target_model_fpr": 0.01,
      "threshold": 0.5789923151011411,
      "true_positive_rate": 0.011082409799183401,
      "used_fallback_selection": 0.0
    },
    "parameters": {
      "backup_false_positive_rate": 0.01,
      "k": 15,
      "model_backend": "ngram_sgd",
      "model_threshold": 0.5789923151011411,
      "ngram_features": 4096,
      "ngram_range": [
        3,
        5
      ]
    },
    "target_false_positive_rate": 0.01
  },
  "false_positive_rate": 0.0217,
  "filter_params": {
    "backup_false_positive_rate": 0.01,
    "model_backend": "ngram_sgd",
    "model_threshold": 0.5,
    "ngram_features": 4096,
    "ngram_range": [
      3,
      5
    ]
  },
  "filter_type": "learned",
  "inserted_keys": 399820,
  "k": 15,
  "memory_per_kmer_bytes": 1.2259766895102797,
  "memory_usage_bytes": 490170,
  "p50_latency_us": 12.178912502713501,
  "p95_latency_us": 12.178912502713501,
  "p99_latency_us": 12.178912502713501,
  "run_id": "learned_synth_k15_k15_f65d2a8089_run1",
  "throughput_qps": 82376.79944454125,
  "true_positive_rate": 1.0
}