{
  "avg_latency_us": 12.701088199780012,
  "build_time_seconds": 16.726267667021602,
  "cache_proxy": {
    "batch_size": 5000,
    "random_qps": 81421.40014860325,
    "repeated_qps": 88735.89083513405,
    "sequential_qps": 82430.49052096455
  },
  "dataset_name": "synth_k15",
  "extra_stats": {
    "actual_memory_usage_bytes": 489825,
    "build_time_seconds": 16.69483641604893,
    "built": true,
    "filter_name": "learned",
    "has_backup_filter": true,
    "has_prefilter": false,
    "inserted_keys": 399820,
    "model_eval": {
      "accuracy": 0.5005002251012955,
      "avg_precision": 0.5159301932501676,
      "false_positive_rate": 0.009242421714686108,
      "model_false_negative_count": 395135.0,
      "model_false_negative_rate": 0.988282227002151,
      "model_fnr": 0.9892342304807933,
      "model_fpr": 0.009242421714686108,
      "roc_auc": 0.5196936233748204,
      "selected_threshold": 0.5813252672966503,
      "target_model_fpr": 0.01,
      "threshold": 0.5813252672966503,
      "true_positive_rate": 0.010765769519206733,
      "used_fallback_selection": 0.0
    },
    "parameters": {
      "backup_false_positive_rate": 0.01,
      "k": 15,
      "model_backend": "ngram_sgd",
      "model_false_positive_rate": 0.01,
      "model_threshold": 0.5813252672966503,
      "ngram_features": 4096,
      "ngram_range": [
        3,
        5
      ],
      "prefilter_false_positive_rate": null,
      "refit_model_on_full_dataset": false,
      "total_false_positive_rate": 0.01
    },
    "target_false_positive_rate": 0.01
  },
  "false_positive_rate": 0.0186,
  "filter_params": {
    "backup_false_positive_rate": 0.01,
    "model_backend": "ngram_sgd",
    "model_threshold": 0.5,
    "ngram_features": 4096,
    "ngram_range": [
      3,
      5
    ]
  },
  "filter_type": "learned",
  "inserted_keys": 399820,
  "k": 15,
  "memory_per_kmer_bytes": 1.2251138012105447,
  "memory_usage_bytes": 489825,
  "p50_latency_us": 12.692372949095443,
  "p95_latency_us": 12.692372949095443,
  "p99_latency_us": 12.692372949095443,
  "run_id": "learned_synth_k15_k15_f65d2a8089_run2",
  "throughput_qps": 78733.41120623983,
  "true_positive_rate": 1.0
}