{
  "avg_latency_us": 35.09025210078107,
  "build_time_seconds": 532.500107541011,
  "cache_proxy": {
    "batch_size": 5000,
    "random_qps": 29180.710184008363,
    "repeated_qps": 30268.086989919804,
    "sequential_qps": 29038.599738525365
  },
  "dataset_name": "ecoli_k31",
  "extra_stats": {
    "actual_memory_usage_bytes": 8231080,
    "build_time_seconds": 530.9905014999968,
    "built": true,
    "filter_name": "learned",
    "has_backup_filter": true,
    "inserted_keys": 4570839,
    "model_eval": {
      "accuracy": 0.49985706493044313,
      "avg_precision": 0.705348552239796,
      "false_positive_rate": 0.0,
      "model_false_negative_count": 4570825.0,
      "model_false_negative_rate": 0.9999969371049823,
      "model_fnr": 0.9999985418978367,
      "model_fpr": 0.0,
      "roc_auc": 0.7231259200512471,
      "selected_threshold": 0.9437064714820662,
      "target_model_fpr": 0.001,
      "threshold": 0.9437064714820662,
      "true_positive_rate": 1.4581021633861799e-06,
      "used_fallback_selection": 0.0
    },
    "parameters": {
      "backup_false_positive_rate": 0.001,
      "k": 31,
      "model_backend": "ngram_sgd",
      "model_threshold": 0.9437064714820662,
      "ngram_features": 4096,
      "ngram_range": [
        3,
        5
      ]
    },
    "target_false_positive_rate": 0.001
  },
  "false_positive_rate": 0.0007,
  "filter_params": {
    "backup_false_positive_rate": 0.001,
    "model_backend": "ngram_sgd",
    "model_threshold": 0.5,
    "ngram_features": 4096,
    "ngram_range": [
      3,
      5
    ]
  },
  "filter_type": "learned",
  "inserted_keys": 4570839,
  "k": 31,
  "memory_per_kmer_bytes": 1.800780994473881,
  "memory_usage_bytes": 8231080,
  "p50_latency_us": 35.09025210078107,
  "p95_latency_us": 35.09025210078107,
  "p99_latency_us": 35.09025210078107,
  "run_id": "learned_ecoli_k31_k31_ddf41a4ee3_run0",
  "throughput_qps": 28497.942879633545,
  "true_positive_rate": 1.0
}