{
  "avg_latency_us": 35.05466249916935,
  "build_time_seconds": 517.0725624999905,
  "cache_proxy": {
    "batch_size": 5000,
    "random_qps": 29844.52744366334,
    "repeated_qps": 31106.2094084618,
    "sequential_qps": 29846.573747657094
  },
  "dataset_name": "ecoli_k31",
  "extra_stats": {
    "actual_memory_usage_bytes": 10969316,
    "build_time_seconds": 515.5338913330052,
    "built": true,
    "filter_name": "learned",
    "has_backup_filter": true,
    "inserted_keys": 4570839,
    "model_eval": {
      "accuracy": 0.49985706493044313,
      "avg_precision": 0.7058692570146672,
      "false_positive_rate": 0.0,
      "model_false_negative_count": 4570829.0,
      "model_false_negative_rate": 0.9999978122178445,
      "model_fnr": 0.9999985418978367,
      "model_fpr": 0.0,
      "roc_auc": 0.7230416128017387,
      "selected_threshold": 0.9437243072515472,
      "target_model_fpr": 0.0001,
      "threshold": 0.9437243072515472,
      "true_positive_rate": 1.4581021633861799e-06,
      "used_fallback_selection": 0.0
    },
    "parameters": {
      "backup_false_positive_rate": 0.0001,
      "k": 31,
      "model_backend": "ngram_sgd",
      "model_threshold": 0.9437243072515472,
      "ngram_features": 4096,
      "ngram_range": [
        3,
        5
      ]
    },
    "target_false_positive_rate": 0.0001
  },
  "false_positive_rate": 0.0003,
  "filter_params": {
    "backup_false_positive_rate": 0.0001,
    "model_backend": "ngram_sgd",
    "model_threshold": 0.5,
    "ngram_features": 4096,
    "ngram_range": [
      3,
      5
    ]
  },
  "filter_type": "learned",
  "inserted_keys": 4570839,
  "k": 31,
  "memory_per_kmer_bytes": 2.3998473803168303,
  "memory_usage_bytes": 10969316,
  "p50_latency_us": 35.05466249916935,
  "p95_latency_us": 35.05466249916935,
  "p99_latency_us": 35.05466249916935,
  "run_id": "learned_ecoli_k31_k31_ac13309b22_run0",
  "throughput_qps": 28526.875705156075,
  "true_positive_rate": 1.0
}