{
  "avg_latency_us": 17.689427101868205,
  "build_time_seconds": 272.7852994580171,
  "cache_proxy": {
    "batch_size": 5000,
    "random_qps": 54963.9633553959,
    "repeated_qps": 59730.1095033656,
    "sequential_qps": 57706.01264316768
  },
  "dataset_name": "ecoli_k15",
  "extra_stats": {
    "actual_memory_usage_bytes": 5264903,
    "build_time_seconds": 270.59544808298233,
    "built": true,
    "filter_name": "learned",
    "has_backup_filter": true,
    "inserted_keys": 4517652,
    "model_eval": {
      "accuracy": 0.5105069298514863,
      "avg_precision": 0.6349374262218042,
      "false_positive_rate": 0.009351216027113361,
      "model_false_negative_count": 4380570.0,
      "model_false_negative_rate": 0.9696563613133549,
      "model_fnr": 0.9693572562418492,
      "model_fpr": 0.009351216027113361,
      "roc_auc": 0.6555408682661048,
      "selected_threshold": 0.7268814550542965,
      "target_model_fpr": 0.01,
      "threshold": 0.7268814550542965,
      "true_positive_rate": 0.030642743758150844,
      "used_fallback_selection": 0.0
    },
    "parameters": {
      "backup_false_positive_rate": 0.01,
      "k": 15,
      "model_backend": "ngram_sgd",
      "model_threshold": 0.7268814550542965,
      "ngram_features": 4096,
      "ngram_range": [
        3,
        5
      ]
    },
    "target_false_positive_rate": 0.01
  },
  "false_positive_rate": 0.0201,
  "filter_params": {
    "backup_false_positive_rate": 0.01,
    "model_backend": "ngram_sgd",
    "model_threshold": 0.5,
    "ngram_features": 4096,
    "ngram_range": [
      3,
      5
    ]
  },
  "filter_type": "learned",
  "inserted_keys": 4517652,
  "k": 15,
  "memory_per_kmer_bytes": 1.165406941481991,
  "memory_usage_bytes": 5264903,
  "p50_latency_us": 17.689427101868205,
  "p95_latency_us": 17.689427101868205,
  "p99_latency_us": 17.689427101868205,
  "run_id": "learned_ecoli_k15_k15_f65d2a8089_run0",
  "throughput_qps": 56530.94327144086,
  "true_positive_rate": 1.0
}