{
  "avg_latency_us": 19.26270415133331,
  "build_time_seconds": 278.6256244589749,
  "cache_proxy": {
    "batch_size": 5000,
    "random_qps": 55640.14898411713,
    "repeated_qps": 57742.61972412663,
    "sequential_qps": 55841.92618955163
  },
  "dataset_name": "ecoli_k15",
  "extra_stats": {
    "actual_memory_usage_bytes": 10841888,
    "build_time_seconds": 277.0005600420118,
    "built": true,
    "filter_name": "learned",
    "has_backup_filter": true,
    "inserted_keys": 4517652,
    "model_eval": {
      "accuracy": 0.49985611999150004,
      "avg_precision": 0.6353158099063587,
      "false_positive_rate": 0.0,
      "model_false_negative_count": 4517651.0,
      "model_false_negative_rate": 0.9999997786460755,
      "model_fnr": 0.9999985247343046,
      "model_fpr": 0.0,
      "roc_auc": 0.655658687135781,
      "selected_threshold": 0.8848517300990765,
      "target_model_fpr": 0.0001,
      "threshold": 0.8848517300990765,
      "true_positive_rate": 1.4752656953517328e-06,
      "used_fallback_selection": 0.0
    },
    "parameters": {
      "backup_false_positive_rate": 0.0001,
      "k": 15,
      "model_backend": "ngram_sgd",
      "model_threshold": 0.8848517300990765,
      "ngram_features": 4096,
      "ngram_range": [
        3,
        5
      ]
    },
    "target_false_positive_rate": 0.0001
  },
  "false_positive_rate": 0.0,
  "filter_params": {
    "backup_false_positive_rate": 0.0001,
    "model_backend": "ngram_sgd",
    "model_threshold": 0.5,
    "ngram_features": 4096,
    "ngram_range": [
      3,
      5
    ]
  },
  "filter_type": "learned",
  "inserted_keys": 4517652,
  "k": 15,
  "memory_per_kmer_bytes": 2.3998944584487694,
  "memory_usage_bytes": 10841888,
  "p50_latency_us": 19.26270415133331,
  "p95_latency_us": 19.26270415133331,
  "p99_latency_us": 19.26270415133331,
  "run_id": "learned_ecoli_k15_k15_ac13309b22_run0",
  "throughput_qps": 51913.79113460468,
  "true_positive_rate": 1.0
}