{
  "avg_latency_us": 19.370954149053432,
  "build_time_seconds": 280.4484238330042,
  "cache_proxy": {
    "batch_size": 5000,
    "random_qps": 56940.94303150642,
    "repeated_qps": 58716.141964254035,
    "sequential_qps": 55817.83924109211
  },
  "dataset_name": "ecoli_k15",
  "extra_stats": {
    "actual_memory_usage_bytes": 8135516,
    "build_time_seconds": 278.0637408749899,
    "built": true,
    "filter_name": "learned",
    "has_backup_filter": true,
    "inserted_keys": 4517652,
    "model_eval": {
      "accuracy": 0.49985611999150004,
      "avg_precision": 0.6347601350018763,
      "false_positive_rate": 0.0,
      "model_false_negative_count": 4517651.0,
      "model_false_negative_rate": 0.9999997786460755,
      "model_fnr": 0.9999985247343046,
      "model_fpr": 0.0,
      "roc_auc": 0.6554142172412118,
      "selected_threshold": 0.8929367273863519,
      "target_model_fpr": 0.001,
      "threshold": 0.8929367273863519,
      "true_positive_rate": 1.4752656953517328e-06,
      "used_fallback_selection": 0.0
    },
    "parameters": {
      "backup_false_positive_rate": 0.001,
      "k": 15,
      "model_backend": "ngram_sgd",
      "model_threshold": 0.8929367273863519,
      "ngram_features": 4096,
      "ngram_range": [
        3,
        5
      ]
    },
    "target_false_positive_rate": 0.001
  },
  "false_positive_rate": 0.0015,
  "filter_params": {
    "backup_false_positive_rate": 0.001,
    "model_backend": "ngram_sgd",
    "model_threshold": 0.5,
    "ngram_features": 4096,
    "ngram_range": [
      3,
      5
    ]
  },
  "filter_type": "learned",
  "inserted_keys": 4517652,
  "k": 15,
  "memory_per_kmer_bytes": 1.8008283949272763,
  "memory_usage_bytes": 8135516,
  "p50_latency_us": 19.370954149053432,
  "p95_latency_us": 19.370954149053432,
  "p99_latency_us": 19.370954149053432,
  "run_id": "learned_ecoli_k15_k15_ddf41a4ee3_run0",
  "throughput_qps": 51623.68318593461,
  "true_positive_rate": 1.0
}