{
  "avg_latency_us": 4.504060449835379,
  "build_time_seconds": 17.11150133301271,
  "cache_proxy": {
    "batch_size": 5000,
    "random_qps": 204430.8088294667,
    "repeated_qps": 285722.443781781,
    "sequential_qps": 216294.28793822735
  },
  "dataset_name": "ecoli_k15",
  "extra_stats": {
    "actual_memory_usage_bytes": 10485760,
    "build_time_seconds": 16.594482834014343,
    "built": true,
    "filter_name": "cuckoo",
    "fingerprint_only_false_positive_rate": 0.0009765625,
    "inserted_keys": 4517652,
    "insertion_failures": 0,
    "load_factor": 0.538546085357666,
    "parameters": {
      "bucket_count": 2097152,
      "bucket_size": 4,
      "capacity": 4517652,
      "fingerprint_bits": 10,
      "max_relocations": 500,
      "random_seed": 7
    },
    "target_false_positive_rate": 0.0078125
  },
  "false_positive_rate": 0.0045,
  "filter_params": {
    "bucket_size": 4,
    "capacity": 4517652,
    "false_positive_rate": 0.01,
    "fingerprint_bits": 10
  },
  "filter_type": "cuckoo",
  "inserted_keys": 4517652,
  "k": 15,
  "memory_per_kmer_bytes": 2.3210641280027766,
  "memory_usage_bytes": 10485760,
  "p50_latency_us": 4.504060449835379,
  "p95_latency_us": 4.504060449835379,
  "p99_latency_us": 4.504060449835379,
  "run_id": "cuckoo_ecoli_k15_k15_23226791d9_run0",
  "throughput_qps": 222021.88694793152,
  "true_positive_rate": 1.0
}