{
  "avg_latency_us": 3.6212000530213118,
  "build_time_seconds": 12.73573579103686,
  "cache_proxy": {
    "batch_size": 5000,
    "random_qps": 294293.88293070125,
    "repeated_qps": 453157.3640547362,
    "sequential_qps": 294202.9767069635
  },
  "dataset_name": "ecoli_k15",
  "extra_stats": {
    "actual_memory_usage_bytes": 17825792,
    "build_time_seconds": 12.471981958020478,
    "built": true,
    "filter_name": "cuckoo",
    "fingerprint_only_false_positive_rate": 7.62939453125e-06,
    "inserted_keys": 4517652,
    "insertion_failures": 0,
    "load_factor": 0.538546085357666,
    "parameters": {
      "bucket_count": 2097152,
      "bucket_size": 4,
      "capacity": 4517652,
      "fingerprint_bits": 17,
      "max_relocations": 500,
      "random_seed": 7
    },
    "target_false_positive_rate": 6.103515625e-05
  },
  "false_positive_rate": 0.0,
  "filter_params": {
    "bucket_size": 4,
    "capacity": 4517652,
    "false_positive_rate": 0.0001,
    "fingerprint_bits": 17
  },
  "filter_type": "cuckoo",
  "inserted_keys": 4517652,
  "k": 15,
  "memory_per_kmer_bytes": 3.9458090176047205,
  "memory_usage_bytes": 17825792,
  "p50_latency_us": 3.6212000530213118,
  "p95_latency_us": 3.6212000530213118,
  "p99_latency_us": 3.6212000530213118,
  "run_id": "cuckoo_ecoli_k15_k15_3970dac56f_run0",
  "throughput_qps": 276151.54792833386,
  "true_positive_rate": 1.0
}