{
  "avg_latency_us": 3.731664549559355,
  "build_time_seconds": 16.1869278329832,
  "cache_proxy": {
    "batch_size": 5000,
    "random_qps": 306229.7229668924,
    "repeated_qps": 335176.7982043408,
    "sequential_qps": 283848.31560761546
  },
  "dataset_name": "ecoli_k15",
  "extra_stats": {
    "actual_memory_usage_bytes": 17825792,
    "build_time_seconds": 15.79896133299917,
    "built": true,
    "filter_name": "cuckoo",
    "fingerprint_only_false_positive_rate": 7.62939453125e-06,
    "inserted_keys": 4517652,
    "insertion_failures": 0,
    "load_factor": 0.538546085357666,
    "parameters": {
      "bucket_count": 2097152,
      "bucket_size": 4,
      "capacity": 4517652,
      "fingerprint_bits": 17,
      "max_relocations": 500,
      "random_seed": 7
    },
    "target_false_positive_rate": 6.103515625e-05
  },
  "false_positive_rate": 0.0,
  "filter_params": {
    "bucket_size": 4,
    "capacity": 4517652,
    "false_positive_rate": 0.0001,
    "fingerprint_bits": 17
  },
  "filter_type": "cuckoo",
  "inserted_keys": 4517652,
  "k": 15,
  "memory_per_kmer_bytes": 3.9458090176047205,
  "memory_usage_bytes": 17825792,
  "p50_latency_us": 3.731664549559355,
  "p95_latency_us": 3.731664549559355,
  "p99_latency_us": 3.731664549559355,
  "run_id": "cuckoo_ecoli_k15_k15_3970dac56f_run0",
  "throughput_qps": 267976.927378985,
  "true_positive_rate": 1.0
}