{
  "avg_latency_us": 3.2367187028285116,
  "build_time_seconds": 39.13247604109347,
  "cache_proxy": {
    "batch_size": 5000,
    "random_qps": 292361.5691124278,
    "repeated_qps": 353347.17642111395,
    "sequential_qps": 287338.20579386345
  },
  "dataset_name": "ecoli_k15",
  "extra_stats": {
    "actual_memory_usage_bytes": 6945890,
    "build_time_seconds": 37.84172958298586,
    "built": true,
    "filter_name": "xor",
    "inserted_keys": 4517652,
    "note": "pure-Python peel-based XOR backend active",
    "parameters": {
      "array_length": 5556712,
      "backend": "python:xor",
      "build_attempts": 1,
      "fingerprint_bits": 10,
      "hash_seed": 7,
      "requested_backend": "auto",
      "size_factor": 1.23
    },
    "target_false_positive_rate": 0.0009765625
  },
  "false_positive_rate": 0.001,
  "filter_params": {
    "backend": "auto",
    "false_positive_rate": 0.001,
    "fingerprint_bits": 10,
    "hash_seed": 7
  },
  "filter_type": "xor",
  "inserted_keys": 4517652,
  "k": 15,
  "memory_per_kmer_bytes": 1.5375000110676962,
  "memory_usage_bytes": 6945890,
  "p50_latency_us": 3.2367187028285116,
  "p95_latency_us": 3.2367187028285116,
  "p99_latency_us": 3.2367187028285116,
  "run_id": "xor_ecoli_k15_k15_278801f348_run0",
  "throughput_qps": 308954.86812805745,
  "true_positive_rate": 1.0
}