{
  "avg_latency_us": 2.33592918375507,
  "build_time_seconds": 0.9695910000009462,
  "cache_proxy": {
    "batch_size": 5000,
    "random_qps": 460800.586121351,
    "repeated_qps": 488433.5991471009,
    "sequential_qps": 450722.27992533543
  },
  "dataset_name": "synth_k31",
  "extra_stats": {
    "actual_memory_usage_bytes": 786432,
    "build_time_seconds": 0.943236208986491,
    "built": true,
    "filter_name": "cuckoo",
    "inserted_keys": 399760,
    "insertion_failures": 0,
    "load_factor": 0.762481689453125,
    "parameters": {
      "bucket_count": 131072,
      "bucket_size": 4,
      "capacity": 399760,
      "fingerprint_bits": 12,
      "max_relocations": 500,
      "random_seed": 7
    },
    "target_false_positive_rate": 0.000244140625
  },
  "false_positive_rate": 0.0014,
  "filter_params": {
    "capacity": 399760,
    "fingerprint_bits": 12
  },
  "filter_type": "cuckoo",
  "inserted_keys": 399760,
  "k": 31,
  "memory_per_kmer_bytes": 1.9672603562137283,
  "memory_usage_bytes": 786432,
  "p50_latency_us": 2.3323812463786453,
  "p95_latency_us": 2.3323812463786453,
  "p99_latency_us": 2.3323812463786453,
  "run_id": "cuckoo_synth_k31_k31_db37f0bc22_run0",
  "throughput_qps": 428095.1695600946,
  "true_positive_rate": 1.0
}