{
  "avg_latency_us": 2.200388898684954,
  "build_time_seconds": 0.9571440409636125,
  "cache_proxy": {
    "batch_size": 5000,
    "random_qps": 462251.9804347642,
    "repeated_qps": 491698.47478207573,
    "sequential_qps": 459091.7420863169
  },
  "dataset_name": "synth_k31",
  "extra_stats": {
    "actual_memory_usage_bytes": 655360,
    "build_time_seconds": 0.9311588340206072,
    "built": true,
    "filter_name": "cuckoo",
    "fingerprint_only_false_positive_rate": 0.0009765625,
    "inserted_keys": 399760,
    "insertion_failures": 0,
    "load_factor": 0.762481689453125,
    "parameters": {
      "bucket_count": 131072,
      "bucket_size": 4,
      "capacity": 399760,
      "fingerprint_bits": 10,
      "max_relocations": 500,
      "random_seed": 7
    },
    "target_false_positive_rate": 0.0078125
  },
  "false_positive_rate": 0.0046,
  "filter_params": {
    "bucket_size": 4,
    "capacity": 399760,
    "false_positive_rate": 0.01,
    "fingerprint_bits": 10
  },
  "filter_type": "cuckoo",
  "inserted_keys": 399760,
  "k": 31,
  "memory_per_kmer_bytes": 1.6393836301781068,
  "memory_usage_bytes": 655360,
  "p50_latency_us": 2.1927812544163316,
  "p95_latency_us": 2.1927812544163316,
  "p99_latency_us": 2.1927812544163316,
  "run_id": "cuckoo_synth_k31_k31_f19d698f02_run2",
  "throughput_qps": 454465.11777879024,
  "true_positive_rate": 1.0
}