{
  "avg_latency_us": 2.204284716087083,
  "build_time_seconds": 0.9795950839761645,
  "cache_proxy": {
    "batch_size": 5000,
    "random_qps": 460461.12561385095,
    "repeated_qps": 500169.48976807494,
    "sequential_qps": 462993.9149344163
  },
  "dataset_name": "synth_k31",
  "extra_stats": {
    "actual_memory_usage_bytes": 655360,
    "build_time_seconds": 0.9329417500412092,
    "built": true,
    "filter_name": "cuckoo",
    "fingerprint_only_false_positive_rate": 0.0009765625,
    "inserted_keys": 399760,
    "insertion_failures": 0,
    "load_factor": 0.762481689453125,
    "parameters": {
      "bucket_count": 131072,
      "bucket_size": 4,
      "capacity": 399760,
      "fingerprint_bits": 10,
      "max_relocations": 500,
      "random_seed": 7
    },
    "target_false_positive_rate": 0.0078125
  },
  "false_positive_rate": 0.0071,
  "filter_params": {
    "bucket_size": 4,
    "capacity": 399760,
    "false_positive_rate": 0.01,
    "fingerprint_bits": 10
  },
  "filter_type": "cuckoo",
  "inserted_keys": 399760,
  "k": 31,
  "memory_per_kmer_bytes": 1.6393836301781068,
  "memory_usage_bytes": 655360,
  "p50_latency_us": 2.20239789923653,
  "p95_latency_us": 2.20239789923653,
  "p99_latency_us": 2.20239789923653,
  "run_id": "cuckoo_synth_k31_k31_f19d698f02_run1",
  "throughput_qps": 453661.9034292183,
  "true_positive_rate": 1.0
}