{
  "avg_latency_us": 2.1760236200255654,
  "build_time_seconds": 0.9518149590585381,
  "cache_proxy": {
    "batch_size": 5000,
    "random_qps": 485334.12457899767,
    "repeated_qps": 511816.5635468598,
    "sequential_qps": 483092.42514795176
  },
  "dataset_name": "synth_k31",
  "extra_stats": {
    "actual_memory_usage_bytes": 524288,
    "build_time_seconds": 0.9260244580218568,
    "built": true,
    "filter_name": "cuckoo",
    "inserted_keys": 399760,
    "insertion_failures": 0,
    "load_factor": 0.762481689453125,
    "parameters": {
      "bucket_count": 131072,
      "bucket_size": 4,
      "capacity": 399760,
      "fingerprint_bits": 8,
      "max_relocations": 500,
      "random_seed": 7
    },
    "target_false_positive_rate": 0.00390625
  },
  "false_positive_rate": 0.0238,
  "filter_params": {
    "capacity": 399760,
    "fingerprint_bits": 8
  },
  "filter_type": "cuckoo",
  "inserted_keys": 399760,
  "k": 31,
  "memory_per_kmer_bytes": 1.3115069041424854,
  "memory_usage_bytes": 524288,
  "p50_latency_us": 2.1693749993573874,
  "p95_latency_us": 2.1693749993573874,
  "p99_latency_us": 2.1693749993573874,
  "run_id": "cuckoo_synth_k31_k31_864e6b700f_run2",
  "throughput_qps": 459553.835168504,
  "true_positive_rate": 1.0
}