{
  "avg_latency_us": 2.4911125209958604,
  "build_time_seconds": 1.029321667039767,
  "cache_proxy": {
    "batch_size": 5000,
    "random_qps": 388171.56434105645,
    "repeated_qps": 476710.05887193925,
    "sequential_qps": 364093.50417373015
  },
  "dataset_name": "synth_k31",
  "extra_stats": {
    "actual_memory_usage_bytes": 1114112,
    "build_time_seconds": 1.000021000043489,
    "built": true,
    "filter_name": "cuckoo",
    "fingerprint_only_false_positive_rate": 7.62939453125e-06,
    "inserted_keys": 399760,
    "insertion_failures": 0,
    "load_factor": 0.762481689453125,
    "parameters": {
      "bucket_count": 131072,
      "bucket_size": 4,
      "capacity": 399760,
      "fingerprint_bits": 17,
      "max_relocations": 500,
      "random_seed": 7
    },
    "target_false_positive_rate": 6.103515625e-05
  },
  "false_positive_rate": 0.0,
  "filter_params": {
    "bucket_size": 4,
    "capacity": 399760,
    "false_positive_rate": 0.0001,
    "fingerprint_bits": 17
  },
  "filter_type": "cuckoo",
  "inserted_keys": 399760,
  "k": 31,
  "memory_per_kmer_bytes": 2.7869521713027816,
  "memory_usage_bytes": 1114112,
  "p50_latency_us": 2.4631833541207016,
  "p95_latency_us": 2.4631833541207016,
  "p99_latency_us": 2.4631833541207016,
  "run_id": "cuckoo_synth_k31_k31_c8b8eb9273_run1",
  "throughput_qps": 401427.0698620369,
  "true_positive_rate": 1.0
}