{
  "avg_latency_us": 2.202431234763935,
  "build_time_seconds": 0.9887251659529284,
  "cache_proxy": {
    "batch_size": 5000,
    "random_qps": 470776.5312126011,
    "repeated_qps": 504038.5940419955,
    "sequential_qps": 465506.59593547473
  },
  "dataset_name": "synth_k31",
  "extra_stats": {
    "actual_memory_usage_bytes": 655360,
    "build_time_seconds": 0.9439766249852255,
    "built": true,
    "filter_name": "cuckoo",
    "fingerprint_only_false_positive_rate": 0.0009765625,
    "inserted_keys": 399760,
    "insertion_failures": 0,
    "load_factor": 0.762481689453125,
    "parameters": {
      "bucket_count": 131072,
      "bucket_size": 4,
      "capacity": 399760,
      "fingerprint_bits": 10,
      "max_relocations": 500,
      "random_seed": 7
    },
    "target_false_positive_rate": 0.0078125
  },
  "false_positive_rate": 0.0071,
  "filter_params": {
    "bucket_size": 4,
    "capacity": 399760,
    "false_positive_rate": 0.01,
    "fingerprint_bits": 10
  },
  "filter_type": "cuckoo",
  "inserted_keys": 399760,
  "k": 31,
  "memory_per_kmer_bytes": 1.6393836301781068,
  "memory_usage_bytes": 655360,
  "p50_latency_us": 2.1941395476460457,
  "p95_latency_us": 2.1941395476460457,
  "p99_latency_us": 2.1941395476460457,
  "run_id": "cuckoo_synth_k31_k31_f19d698f02_run0",
  "throughput_qps": 454043.6878190132,
  "true_positive_rate": 1.0
}