{
  "avg_latency_us": 2.5678868017469845,
  "build_time_seconds": 1.1963516250252724,
  "cache_proxy": {
    "batch_size": 5000,
    "random_qps": 397900.8526791463,
    "repeated_qps": 454763.6447929429,
    "sequential_qps": 319030.9972604846
  },
  "dataset_name": "synth_k31",
  "extra_stats": {
    "actual_memory_usage_bytes": 851968,
    "build_time_seconds": 1.136625458020717,
    "built": true,
    "filter_name": "cuckoo",
    "fingerprint_only_false_positive_rate": 0.0001220703125,
    "inserted_keys": 399760,
    "insertion_failures": 0,
    "load_factor": 0.762481689453125,
    "parameters": {
      "bucket_count": 131072,
      "bucket_size": 4,
      "capacity": 399760,
      "fingerprint_bits": 13,
      "max_relocations": 500,
      "random_seed": 7
    },
    "target_false_positive_rate": 0.0009765625
  },
  "false_positive_rate": 0.0004,
  "filter_params": {
    "bucket_size": 4,
    "capacity": 399760,
    "false_positive_rate": 0.001,
    "fingerprint_bits": 13
  },
  "filter_type": "cuckoo",
  "inserted_keys": 399760,
  "k": 31,
  "memory_per_kmer_bytes": 2.131198719231539,
  "memory_usage_bytes": 851968,
  "p50_latency_us": 2.5629646028392017,
  "p95_latency_us": 2.5629646028392017,
  "p99_latency_us": 2.5629646028392017,
  "run_id": "cuckoo_synth_k31_k31_a2d8306c5b_run2",
  "throughput_qps": 389425.2656774746,
  "true_positive_rate": 1.0
}