{
  "avg_latency_us": 2.4308590354242674,
  "build_time_seconds": 0.9613806250272319,
  "cache_proxy": {
    "batch_size": 5000,
    "random_qps": 461458.59142769803,
    "repeated_qps": 488169.3460497674,
    "sequential_qps": 454325.7403482072
  },
  "dataset_name": "synth_k31",
  "extra_stats": {
    "actual_memory_usage_bytes": 786432,
    "build_time_seconds": 0.9347014169907197,
    "built": true,
    "filter_name": "cuckoo",
    "inserted_keys": 399760,
    "insertion_failures": 0,
    "load_factor": 0.762481689453125,
    "parameters": {
      "bucket_count": 131072,
      "bucket_size": 4,
      "capacity": 399760,
      "fingerprint_bits": 12,
      "max_relocations": 500,
      "random_seed": 7
    },
    "target_false_positive_rate": 0.000244140625
  },
  "false_positive_rate": 0.0012,
  "filter_params": {
    "capacity": 399760,
    "fingerprint_bits": 12
  },
  "filter_type": "cuckoo",
  "inserted_keys": 399760,
  "k": 31,
  "memory_per_kmer_bytes": 1.9672603562137283,
  "memory_usage_bytes": 786432,
  "p50_latency_us": 2.3714854032732546,
  "p95_latency_us": 2.3714854032732546,
  "p99_latency_us": 2.3714854032732546,
  "run_id": "cuckoo_synth_k31_k31_db37f0bc22_run1",
  "throughput_qps": 411377.20675171365,
  "true_positive_rate": 1.0
}