{
  "avg_latency_us": 3.608289580248917,
  "build_time_seconds": 1.2990943749900907,
  "cache_proxy": {
    "batch_size": 5000,
    "random_qps": 414921.0255976535,
    "repeated_qps": 478474.6233174739,
    "sequential_qps": 398587.66085767874
  },
  "dataset_name": "synth_k15",
  "extra_stats": {
    "actual_memory_usage_bytes": 479038,
    "bits_per_item": 9.585060777349808,
    "build_time_seconds": 1.2990605840459466,
    "built": true,
    "filter_name": "bloom",
    "inserted_keys": 399820,
    "parameters": {
      "expected_items": 399820,
      "false_positive_rate": 0.01,
      "hash_seed": 7,
      "num_bits": 3832299,
      "num_hashes": 7
    },
    "target_false_positive_rate": 0.01
  },
  "false_positive_rate": 0.0106,
  "filter_params": {
    "expected_items": 399820,
    "false_positive_rate": 0.01
  },
  "filter_type": "bloom",
  "inserted_keys": 399820,
  "k": 15,
  "memory_per_kmer_bytes": 1.1981341603721676,
  "memory_usage_bytes": 479038,
  "p50_latency_us": 3.684522898402065,
  "p95_latency_us": 3.684522898402065,
  "p99_latency_us": 3.684522898402065,
  "run_id": "bloom_synth_k15_k15_a1651c20db_run0",
  "throughput_qps": 277139.6191352844,
  "true_positive_rate": 1.0
}