{
  "avg_latency_us": 2.864439606977006,
  "build_time_seconds": 1.3718362500658259,
  "cache_proxy": {
    "batch_size": 5000,
    "random_qps": 412611.6909444516,
    "repeated_qps": 475483.5454649425,
    "sequential_qps": 404129.76301838434
  },
  "dataset_name": "synth_k15",
  "extra_stats": {
    "actual_memory_usage_bytes": 479038,
    "bits_per_item": 9.585060777349808,
    "build_time_seconds": 1.3717489580158144,
    "built": true,
    "filter_name": "bloom",
    "inserted_keys": 399820,
    "parameters": {
      "expected_items": 399820,
      "false_positive_rate": 0.01,
      "hash_seed": 7,
      "num_bits": 3832299,
      "num_hashes": 7
    },
    "target_false_positive_rate": 0.01
  },
  "false_positive_rate": 0.0106,
  "filter_params": {
    "expected_items": 399820,
    "false_positive_rate": 0.01
  },
  "filter_type": "bloom",
  "inserted_keys": 399820,
  "k": 15,
  "memory_per_kmer_bytes": 1.1981341603721676,
  "memory_usage_bytes": 479038,
  "p50_latency_us": 2.848633355461061,
  "p95_latency_us": 2.848633355461061,
  "p99_latency_us": 2.848633355461061,
  "run_id": "bloom_synth_k15_k15_a1651c20db_run1",
  "throughput_qps": 349108.4251049554,
  "true_positive_rate": 1.0
}