{
  "avg_latency_us": 3.8674083344327905,
  "build_time_seconds": 2.0602565000299364,
  "cache_proxy": {
    "batch_size": 5000,
    "random_qps": 353216.8266880374,
    "repeated_qps": 401596.5758789267,
    "sequential_qps": 342835.91311894427
  },
  "dataset_name": "synth_k15",
  "extra_stats": {
    "actual_memory_usage_bytes": 958075,
    "bits_per_item": 19.17011905357411,
    "build_time_seconds": 2.0601690830662847,
    "built": true,
    "filter_name": "bloom",
    "inserted_keys": 399820,
    "parameters": {
      "expected_items": 399820,
      "false_positive_rate": 0.0001,
      "hash_seed": 7,
      "num_bits": 7664597,
      "num_hashes": 13
    },
    "target_false_positive_rate": 0.0001
  },
  "false_positive_rate": 0.0002,
  "filter_params": {
    "expected_items": 399820,
    "false_positive_rate": 0.0001
  },
  "filter_type": "bloom",
  "inserted_keys": 399820,
  "k": 15,
  "memory_per_kmer_bytes": 2.3962658196188285,
  "memory_usage_bytes": 958075,
  "p50_latency_us": 3.893362497910857,
  "p95_latency_us": 3.893362497910857,
  "p99_latency_us": 3.893362497910857,
  "run_id": "bloom_synth_k15_k15_71272d75ed_run2",
  "throughput_qps": 258571.09297114445,
  "true_positive_rate": 1.0
}