{
  "avg_latency_us": 3.3714624975497522,
  "build_time_seconds": 1.6806563750142232,
  "cache_proxy": {
    "batch_size": 5000,
    "random_qps": 380542.44767581247,
    "repeated_qps": 443004.40953821986,
    "sequential_qps": 388050.6372201381
  },
  "dataset_name": "synth_k15",
  "extra_stats": {
    "actual_memory_usage_bytes": 718556,
    "bits_per_item": 14.377589915461957,
    "build_time_seconds": 1.6806062500691041,
    "built": true,
    "filter_name": "bloom",
    "inserted_keys": 399820,
    "parameters": {
      "expected_items": 399820,
      "false_positive_rate": 0.001,
      "hash_seed": 7,
      "num_bits": 5748448,
      "num_hashes": 10
    },
    "target_false_positive_rate": 0.001
  },
  "false_positive_rate": 0.0004,
  "filter_params": {
    "expected_items": 399820,
    "false_positive_rate": 0.001
  },
  "filter_type": "bloom",
  "inserted_keys": 399820,
  "k": 15,
  "memory_per_kmer_bytes": 1.7971987394327447,
  "memory_usage_bytes": 718556,
  "p50_latency_us": 3.371741692535579,
  "p95_latency_us": 3.371741692535579,
  "p99_latency_us": 3.371741692535579,
  "run_id": "bloom_synth_k15_k15_be5c0c7cf5_run2",
  "throughput_qps": 296607.1847830907,
  "true_positive_rate": 1.0
}