{
  "avg_latency_us": 3.759007650660351,
  "build_time_seconds": 1.989511959021911,
  "cache_proxy": {
    "batch_size": 5000,
    "random_qps": 355556.97096300987,
    "repeated_qps": 335682.8075157538,
    "sequential_qps": 332225.9066216866
  },
  "dataset_name": "synth_k15",
  "extra_stats": {
    "actual_memory_usage_bytes": 958075,
    "bits_per_item": 19.17011905357411,
    "build_time_seconds": 1.9894345420179889,
    "built": true,
    "filter_name": "bloom",
    "inserted_keys": 399820,
    "parameters": {
      "expected_items": 399820,
      "false_positive_rate": 0.0001,
      "hash_seed": 7,
      "num_bits": 7664597,
      "num_hashes": 13
    },
    "target_false_positive_rate": 0.0001
  },
  "false_positive_rate": 0.0002,
  "filter_params": {
    "expected_items": 399820,
    "false_positive_rate": 0.0001
  },
  "filter_type": "bloom",
  "inserted_keys": 399820,
  "k": 15,
  "memory_per_kmer_bytes": 2.3962658196188285,
  "memory_usage_bytes": 958075,
  "p50_latency_us": 3.763224999420345,
  "p95_latency_us": 3.763224999420345,
  "p99_latency_us": 3.763224999420345,
  "run_id": "bloom_synth_k15_k15_71272d75ed_run0",
  "throughput_qps": 266027.65754529083,
  "true_positive_rate": 1.0
}