{
  "avg_latency_us": 2.8719069164556763,
  "build_time_seconds": 1.2936940420186147,
  "cache_proxy": {
    "batch_size": 5000,
    "random_qps": 418704.9446164663,
    "repeated_qps": 439349.6028315839,
    "sequential_qps": 379982.9253217542
  },
  "dataset_name": "synth_k15",
  "extra_stats": {
    "actual_memory_usage_bytes": 479038,
    "bits_per_item": 9.585060777349808,
    "build_time_seconds": 1.2936583750415593,
    "built": true,
    "filter_name": "bloom",
    "inserted_keys": 399820,
    "parameters": {
      "expected_items": 399820,
      "false_positive_rate": 0.01,
      "hash_seed": 7,
      "num_bits": 3832299,
      "num_hashes": 7
    },
    "target_false_positive_rate": 0.01
  },
  "false_positive_rate": 0.0098,
  "filter_params": {
    "expected_items": 399820,
    "false_positive_rate": 0.01
  },
  "filter_type": "bloom",
  "inserted_keys": 399820,
  "k": 15,
  "memory_per_kmer_bytes": 1.1981341603721676,
  "memory_usage_bytes": 479038,
  "p50_latency_us": 2.8668583021499217,
  "p95_latency_us": 2.8668583021499217,
  "p99_latency_us": 2.8668583021499217,
  "run_id": "bloom_synth_k15_k15_a1651c20db_run2",
  "throughput_qps": 348200.7004719136,
  "true_positive_rate": 1.0
}