{
  "avg_latency_us": 2.7574208177005253,
  "build_time_seconds": 1.380011791945435,
  "cache_proxy": {
    "batch_size": 5000,
    "random_qps": 422642.34700996446,
    "repeated_qps": 448273.02789990464,
    "sequential_qps": 416981.82490053255
  },
  "dataset_name": "synth_k15",
  "extra_stats": {
    "actual_memory_usage_bytes": 479038,
    "bits_per_item": 9.585060777349808,
    "build_time_seconds": 1.379803332965821,
    "built": true,
    "filter_name": "bloom",
    "inserted_keys": 399820,
    "parameters": {
      "expected_items": 399820,
      "false_positive_rate": 0.01,
      "hash_seed": 7,
      "num_bits": 3832299,
      "num_hashes": 7
    },
    "target_false_positive_rate": 0.01
  },
  "false_positive_rate": 0.0108,
  "filter_params": {
    "expected_items": 399820,
    "false_positive_rate": 0.01
  },
  "filter_type": "bloom",
  "inserted_keys": 399820,
  "k": 15,
  "memory_per_kmer_bytes": 1.1981341603721676,
  "memory_usage_bytes": 479038,
  "p50_latency_us": 2.7510312502272427,
  "p95_latency_us": 2.7510312502272427,
  "p99_latency_us": 2.7510312502272427,
  "run_id": "bloom_synth_k15_k15_a1651c20db_run0",
  "throughput_qps": 362657.7392833069,
  "true_positive_rate": 1.0
}