{
  "avg_latency_us": 3.4906694355110326,
  "build_time_seconds": 1.7059897920116782,
  "cache_proxy": {
    "batch_size": 5000,
    "random_qps": 365659.2979859003,
    "repeated_qps": 422112.6220448349,
    "sequential_qps": 371792.14052034373
  },
  "dataset_name": "synth_k15",
  "extra_stats": {
    "actual_memory_usage_bytes": 718556,
    "bits_per_item": 14.377589915461957,
    "build_time_seconds": 1.7059232919709757,
    "built": true,
    "filter_name": "bloom",
    "inserted_keys": 399820,
    "parameters": {
      "expected_items": 399820,
      "false_positive_rate": 0.001,
      "hash_seed": 7,
      "num_bits": 5748448,
      "num_hashes": 10
    },
    "target_false_positive_rate": 0.001
  },
  "false_positive_rate": 0.0013,
  "filter_params": {
    "expected_items": 399820,
    "false_positive_rate": 0.001
  },
  "filter_type": "bloom",
  "inserted_keys": 399820,
  "k": 15,
  "memory_per_kmer_bytes": 1.7971987394327447,
  "memory_usage_bytes": 718556,
  "p50_latency_us": 3.4872771007940173,
  "p95_latency_us": 3.4872771007940173,
  "p99_latency_us": 3.4872771007940173,
  "run_id": "bloom_synth_k15_k15_be5c0c7cf5_run1",
  "throughput_qps": 286478.00041644456,
  "true_positive_rate": 1.0
}