{
  "avg_latency_us": 2.8060798494455717,
  "build_time_seconds": 1.348759749904275,
  "cache_proxy": {
    "batch_size": 5000,
    "random_qps": 422250.2468019872,
    "repeated_qps": 499174.283051748,
    "sequential_qps": 414146.3109928137
  },
  "dataset_name": "synth_k15",
  "extra_stats": {
    "actual_memory_usage_bytes": 479038,
    "bits_per_item": 9.585060777349808,
    "build_time_seconds": 1.3486936669796705,
    "built": true,
    "filter_name": "bloom",
    "inserted_keys": 399820,
    "parameters": {
      "expected_items": 399820,
      "false_positive_rate": 0.01,
      "hash_seed": 7,
      "num_bits": 3832299,
      "num_hashes": 7
    },
    "target_false_positive_rate": 0.01
  },
  "false_positive_rate": 0.0098,
  "filter_params": {
    "expected_items": 399820,
    "false_positive_rate": 0.01
  },
  "filter_type": "bloom",
  "inserted_keys": 399820,
  "k": 15,
  "memory_per_kmer_bytes": 1.1981341603721676,
  "memory_usage_bytes": 479038,
  "p50_latency_us": 2.7900499932002276,
  "p95_latency_us": 2.7900499932002276,
  "p99_latency_us": 2.7900499932002276,
  "run_id": "bloom_synth_k15_k15_a1651c20db_run2",
  "throughput_qps": 356369.0463753485,
  "true_positive_rate": 1.0
}