{
  "avg_latency_us": 3.6255978993722238,
  "build_time_seconds": 17.368248582992237,
  "cache_proxy": {
    "batch_size": 5000,
    "random_qps": 310259.5125676864,
    "repeated_qps": 337131.3654639484,
    "sequential_qps": 288419.7065566686
  },
  "dataset_name": "bacillus_subtilis_k21",
  "extra_stats": {
    "actual_memory_usage_bytes": 4993538,
    "bits_per_item": 9.585058477343269,
    "build_time_seconds": 17.367127124976832,
    "built": true,
    "filter_name": "bloom",
    "inserted_keys": 4167768,
    "parameters": {
      "expected_items": 4167768,
      "false_positive_rate": 0.01,
      "hash_seed": 7,
      "num_bits": 39948300,
      "num_hashes": 7
    },
    "target_false_positive_rate": 0.01
  },
  "false_positive_rate": 0.0071,
  "filter_params": {
    "expected_items": 4167768,
    "false_positive_rate": 0.01
  },
  "filter_type": "bloom",
  "inserted_keys": 4167768,
  "k": 21,
  "memory_per_kmer_bytes": 1.1981324296361986,
  "memory_usage_bytes": 4993538,
  "p50_latency_us": 3.6255978993722238,
  "p95_latency_us": 3.6255978993722238,
  "p99_latency_us": 3.6255978993722238,
  "run_id": "bloom_bacillus_subtilis_k21_k21_6ab396a094_run0",
  "throughput_qps": 275816.576397827,
  "true_positive_rate": 1.0
}