{
  "avg_latency_us": 3.9433520491002128,
  "build_time_seconds": 24.05338004202349,
  "cache_proxy": {
    "batch_size": 5000,
    "random_qps": 256743.2501780215,
    "repeated_qps": 312342.20217710175,
    "sequential_qps": 279997.2276695139
  },
  "dataset_name": "pseudomonas_aeruginosa_k31",
  "extra_stats": {
    "actual_memory_usage_bytes": 13631488,
    "build_time_seconds": 23.55207262499607,
    "built": true,
    "filter_name": "cuckoo",
    "fingerprint_only_false_positive_rate": 0.0001220703125,
    "inserted_keys": 6222731,
    "insertion_failures": 0,
    "load_factor": 0.7418073415756226,
    "parameters": {
      "bucket_count": 2097152,
      "bucket_size": 4,
      "capacity": 6222731,
      "fingerprint_bits": 13,
      "max_relocations": 500,
      "random_seed": 7
    },
    "target_false_positive_rate": 0.0009765625
  },
  "false_positive_rate": 0.0008,
  "filter_params": {
    "bucket_size": 4,
    "capacity": 6222731,
    "false_positive_rate": 0.001,
    "fingerprint_bits": 13
  },
  "filter_type": "cuckoo",
  "inserted_keys": 6222731,
  "k": 31,
  "memory_per_kmer_bytes": 2.1905957368235907,
  "memory_usage_bytes": 13631488,
  "p50_latency_us": 3.9433520491002128,
  "p95_latency_us": 3.9433520491002128,
  "p99_latency_us": 3.9433520491002128,
  "run_id": "cuckoo_pseudomonas_aeruginosa_k31_k31_d148735bf3_run0",
  "throughput_qps": 253591.35769482673,
  "true_positive_rate": 1.0
}