{
  "avg_latency_us": 4.0289729498908855,
  "build_time_seconds": 24.152331250021234,
  "cache_proxy": {
    "batch_size": 5000,
    "random_qps": 260428.7202658228,
    "repeated_qps": 312693.5377938654,
    "sequential_qps": 236233.64567147163
  },
  "dataset_name": "pseudomonas_aeruginosa_k31",
  "extra_stats": {
    "actual_memory_usage_bytes": 17825792,
    "build_time_seconds": 23.749535249982728,
    "built": true,
    "filter_name": "cuckoo",
    "fingerprint_only_false_positive_rate": 7.62939453125e-06,
    "inserted_keys": 6222731,
    "insertion_failures": 0,
    "load_factor": 0.7418073415756226,
    "parameters": {
      "bucket_count": 2097152,
      "bucket_size": 4,
      "capacity": 6222731,
      "fingerprint_bits": 17,
      "max_relocations": 500,
      "random_seed": 7
    },
    "target_false_positive_rate": 6.103515625e-05
  },
  "false_positive_rate": 0.0001,
  "filter_params": {
    "bucket_size": 4,
    "capacity": 6222731,
    "false_positive_rate": 0.0001,
    "fingerprint_bits": 17
  },
  "filter_type": "cuckoo",
  "inserted_keys": 6222731,
  "k": 31,
  "memory_per_kmer_bytes": 2.8646251943077727,
  "memory_usage_bytes": 17825792,
  "p50_latency_us": 4.0289729498908855,
  "p95_latency_us": 4.0289729498908855,
  "p99_latency_us": 4.0289729498908855,
  "run_id": "cuckoo_pseudomonas_aeruginosa_k31_k31_6160436a7f_run0",
  "throughput_qps": 248202.2124340851,
  "true_positive_rate": 1.0
}