{
  "avg_latency_us": 4.566983348922804,
  "build_time_seconds": 32.239990417001536,
  "cache_proxy": {
    "batch_size": 5000,
    "random_qps": 265052.5882970345,
    "repeated_qps": 248756.21897635743,
    "sequential_qps": 268967.43085162743
  },
  "dataset_name": "pseudomonas_aeruginosa_k15",
  "extra_stats": {
    "actual_memory_usage_bytes": 10364800,
    "bits_per_item": 14.377587695099075,
    "build_time_seconds": 32.23781437499565,
    "built": true,
    "filter_name": "bloom",
    "inserted_keys": 5767198,
    "parameters": {
      "expected_items": 5767198,
      "false_positive_rate": 0.001,
      "hash_seed": 7,
      "num_bits": 82918395,
      "num_hashes": 10
    },
    "target_false_positive_rate": 0.001
  },
  "false_positive_rate": 0.0011,
  "filter_params": {
    "expected_items": 5767198,
    "false_positive_rate": 0.001
  },
  "filter_type": "bloom",
  "inserted_keys": 5767198,
  "k": 15,
  "memory_per_kmer_bytes": 1.7971985702589022,
  "memory_usage_bytes": 10364800,
  "p50_latency_us": 4.566983348922804,
  "p95_latency_us": 4.566983348922804,
  "p99_latency_us": 4.566983348922804,
  "run_id": "bloom_pseudomonas_aeruginosa_k15_k15_3e89e3efe6_run0",
  "throughput_qps": 218962.91788229664,
  "true_positive_rate": 1.0
}