{
  "avg_latency_us": 3.7239375000353903,
  "build_time_seconds": 4.955710625014035,
  "cache_proxy": {
    "batch_size": 5000,
    "random_qps": 297493.6163150177,
    "repeated_qps": 321027.2873683723,
    "sequential_qps": 297038.0376528837
  },
  "dataset_name": "borreliella_burgdorferi_k21",
  "extra_stats": {
    "actual_memory_usage_bytes": 3407872,
    "build_time_seconds": 4.778779499989469,
    "built": true,
    "filter_name": "cuckoo",
    "fingerprint_only_false_positive_rate": 0.0001220703125,
    "inserted_keys": 1337144,
    "insertion_failures": 0,
    "load_factor": 0.6375999450683594,
    "parameters": {
      "bucket_count": 524288,
      "bucket_size": 4,
      "capacity": 1337144,
      "fingerprint_bits": 13,
      "max_relocations": 500,
      "random_seed": 7
    },
    "target_false_positive_rate": 0.0009765625
  },
  "false_positive_rate": 0.0004,
  "filter_params": {
    "bucket_size": 4,
    "capacity": 1337144,
    "false_positive_rate": 0.001,
    "fingerprint_bits": 13
  },
  "filter_type": "cuckoo",
  "inserted_keys": 1337144,
  "k": 21,
  "memory_per_kmer_bytes": 2.5486200439144926,
  "memory_usage_bytes": 3407872,
  "p50_latency_us": 3.7239375000353903,
  "p95_latency_us": 3.7239375000353903,
  "p99_latency_us": 3.7239375000353903,
  "run_id": "cuckoo_borreliella_burgdorferi_k21_k21_12ee09450c_run0",
  "throughput_qps": 268532.97081127076,
  "true_positive_rate": 1.0
}