{
  "avg_latency_us": 2.9390250565484166,
  "build_time_seconds": 12.883912749937735,
  "cache_proxy": {
    "batch_size": 5000,
    "random_qps": 333134.3781935882,
    "repeated_qps": 443950.073253009,
    "sequential_qps": 382310.48491298914
  },
  "dataset_name": "ecoli_k21",
  "extra_stats": {
    "actual_memory_usage_bytes": 13631488,
    "build_time_seconds": 12.572836125036702,
    "built": true,
    "filter_name": "cuckoo",
    "fingerprint_only_false_positive_rate": 0.0001220703125,
    "inserted_keys": 4562542,
    "insertion_failures": 0,
    "load_factor": 0.5438973903656006,
    "parameters": {
      "bucket_count": 2097152,
      "bucket_size": 4,
      "capacity": 4562542,
      "fingerprint_bits": 13,
      "max_relocations": 500,
      "random_seed": 7
    },
    "target_false_positive_rate": 0.0009765625
  },
  "false_positive_rate": 0.0006,
  "filter_params": {
    "bucket_size": 4,
    "capacity": 4562542,
    "false_positive_rate": 0.001,
    "fingerprint_bits": 13
  },
  "filter_type": "cuckoo",
  "inserted_keys": 4562542,
  "k": 21,
  "memory_per_kmer_bytes": 2.987695894087112,
  "memory_usage_bytes": 13631488,
  "p50_latency_us": 2.9390250565484166,
  "p95_latency_us": 2.9390250565484166,
  "p99_latency_us": 2.9390250565484166,
  "run_id": "cuckoo_ecoli_k21_k21_6ab2a68b49_run0",
  "throughput_qps": 340248.88551797427,
  "true_positive_rate": 1.0
}