{
  "avg_latency_us": 17.145664582494646,
  "build_time_seconds": 22.67257149994839,
  "cache_proxy": {
    "batch_size": 5000,
    "random_qps": 61790.418620426484,
    "repeated_qps": 64103.157746092525,
    "sequential_qps": 61178.64722123085
  },
  "dataset_name": "synth_k21",
  "extra_stats": {
    "actual_memory_usage_bytes": 734989,
    "build_time_seconds": 22.641842416953295,
    "built": true,
    "filter_name": "learned",
    "has_backup_filter": true,
    "has_prefilter": false,
    "inserted_keys": 399840,
    "model_eval": {
      "accuracy": 0.49973322662398295,
      "avg_precision": 0.5210859611454899,
      "false_positive_rate": 0.0,
      "model_false_negative_count": 399838.0,
      "model_false_negative_rate": 0.9999949979991997,
      "model_fnr": 0.9999833358329584,
      "model_fpr": 0.0,
      "roc_auc": 0.5261931742441449,
      "selected_threshold": 0.6518035764982265,
      "target_model_fpr": 0.001,
      "threshold": 0.6518035764982265,
      "true_positive_rate": 1.6664167041610424e-05,
      "used_fallback_selection": 0.0
    },
    "parameters": {
      "backup_false_positive_rate": 0.001,
      "k": 21,
      "model_backend": "ngram_sgd",
      "model_false_positive_rate": 0.001,
      "model_threshold": 0.6518035764982265,
      "ngram_features": 4096,
      "ngram_range": [
        3,
        5
      ],
      "prefilter_false_positive_rate": null,
      "refit_model_on_full_dataset": false,
      "total_false_positive_rate": 0.001
    },
    "target_false_positive_rate": 0.001
  },
  "false_positive_rate": 0.0011,
  "filter_params": {
    "backup_false_positive_rate": 0.001,
    "model_backend": "ngram_sgd",
    "model_threshold": 0.5,
    "ngram_features": 4096,
    "ngram_range": [
      3,
      5
    ]
  },
  "filter_type": "learned",
  "inserted_keys": 399840,
  "k": 21,
  "memory_per_kmer_bytes": 1.8382077831132453,
  "memory_usage_bytes": 734989,
  "p50_latency_us": 17.160750000039116,
  "p95_latency_us": 17.160750000039116,
  "p99_latency_us": 17.160750000039116,
  "run_id": "learned_synth_k21_k21_ddf41a4ee3_run2",
  "throughput_qps": 58323.78180435061,
  "true_positive_rate": 1.0
}