{
  "avg_latency_us": 11.7354243217657,
  "build_time_seconds": 14.881541915936396,
  "cache_proxy": {
    "batch_size": 5000,
    "random_qps": 95790.94581814093,
    "repeated_qps": 101002.64785258786,
    "sequential_qps": 97903.55837200483
  },
  "dataset_name": "synth_k21",
  "extra_stats": {
    "actual_memory_usage_bytes": 958849,
    "build_time_seconds": 14.851366417016834,
    "built": true,
    "filter_name": "learned",
    "has_backup_filter": true,
    "inserted_keys": 399840,
    "model_eval": {
      "accuracy": 0.49973322662398295,
      "avg_precision": 0.510092831186517,
      "false_positive_rate": 0.0,
      "model_false_negative_count": 399839.0,
      "model_false_negative_rate": 0.9999974989995999,
      "model_fnr": 0.9999833358329584,
      "model_fpr": 0.0,
      "roc_auc": 0.5122854213377428,
      "selected_threshold": 0.5538616588821563,
      "target_model_fpr": 0.0001,
      "threshold": 0.5538616588821563,
      "true_positive_rate": 1.6664167041610424e-05,
      "used_fallback_selection": 0.0
    },
    "parameters": {
      "backup_false_positive_rate": 0.0001,
      "k": 21,
      "model_threshold": 0.5538616588821563
    },
    "target_false_positive_rate": 0.0001
  },
  "false_positive_rate": 0.0001,
  "filter_params": {
    "backup_false_positive_rate": 0.0001,
    "model_threshold": 0.5
  },
  "filter_type": "learned",
  "inserted_keys": 399840,
  "k": 21,
  "memory_per_kmer_bytes": 2.3980817326930772,
  "memory_usage_bytes": 958849,
  "p50_latency_us": 11.478391650598496,
  "p95_latency_us": 11.478391650598496,
  "p99_latency_us": 11.478391650598496,
  "run_id": "learned_synth_k21_k21_9a0192be26_run2",
  "throughput_qps": 85212.08714586479,
  "true_positive_rate": 1.0
}