{
  "avg_latency_us": 10.83882151482006,
  "build_time_seconds": 14.712192457984202,
  "cache_proxy": {
    "batch_size": 5000,
    "random_qps": 98809.61867620767,
    "repeated_qps": 104082.22049124807,
    "sequential_qps": 100063.23460583248
  },
  "dataset_name": "synth_k21",
  "extra_stats": {
    "actual_memory_usage_bytes": 719319,
    "build_time_seconds": 14.68335912504699,
    "built": true,
    "filter_name": "learned",
    "has_backup_filter": true,
    "inserted_keys": 399840,
    "model_eval": {
      "accuracy": 0.49973322662398295,
      "avg_precision": 0.510092831186517,
      "false_positive_rate": 0.0,
      "model_false_negative_count": 399839.0,
      "model_false_negative_rate": 0.9999974989995999,
      "model_fnr": 0.9999833358329584,
      "model_fpr": 0.0,
      "roc_auc": 0.5122854213377428,
      "selected_threshold": 0.5538616588821563,
      "target_model_fpr": 0.001,
      "threshold": 0.5538616588821563,
      "true_positive_rate": 1.6664167041610424e-05,
      "used_fallback_selection": 0.0
    },
    "parameters": {
      "backup_false_positive_rate": 0.001,
      "k": 21,
      "model_threshold": 0.5538616588821563
    },
    "target_false_positive_rate": 0.001
  },
  "false_positive_rate": 0.0011,
  "filter_params": {
    "backup_false_positive_rate": 0.001,
    "model_threshold": 0.5
  },
  "filter_type": "learned",
  "inserted_keys": 399840,
  "k": 21,
  "memory_per_kmer_bytes": 1.7990171068427372,
  "memory_usage_bytes": 719319,
  "p50_latency_us": 10.84830624749884,
  "p95_latency_us": 10.84830624749884,
  "p99_latency_us": 10.84830624749884,
  "run_id": "learned_synth_k21_k21_a0d8f21c39_run1",
  "throughput_qps": 92260.95278279905,
  "true_positive_rate": 1.0
}