{
  "avg_latency_us": 16.36058056804662,
  "build_time_seconds": 21.590193917043507,
  "cache_proxy": {
    "batch_size": 5000,
    "random_qps": 62778.27330386337,
    "repeated_qps": 68259.13968272578,
    "sequential_qps": 54913.26519457121
  },
  "dataset_name": "synth_k21",
  "extra_stats": {
    "actual_memory_usage_bytes": 490052,
    "build_time_seconds": 21.560572999995202,
    "built": true,
    "filter_name": "learned",
    "has_backup_filter": true,
    "inserted_keys": 399840,
    "model_eval": {
      "accuracy": 0.5012588368680806,
      "avg_precision": 0.520378736380764,
      "false_positive_rate": 0.008474717648432677,
      "model_false_negative_count": 395325.0,
      "model_false_negative_rate": 0.9887079831932774,
      "model_fnr": 0.9884683964072056,
      "model_fpr": 0.008474717648432677,
      "roc_auc": 0.5247848557219751,
      "selected_threshold": 0.5804274121854462,
      "target_model_fpr": 0.01,
      "threshold": 0.5804274121854462,
      "true_positive_rate": 0.011531603592794414,
      "used_fallback_selection": 0.0
    },
    "parameters": {
      "backup_false_positive_rate": 0.01,
      "k": 21,
      "model_backend": "ngram_sgd",
      "model_threshold": 0.5804274121854462,
      "ngram_features": 4096,
      "ngram_range": [
        3,
        5
      ]
    },
    "target_false_positive_rate": 0.01
  },
  "false_positive_rate": 0.0185,
  "filter_params": {
    "backup_false_positive_rate": 0.01,
    "model_backend": "ngram_sgd",
    "model_threshold": 0.5,
    "ngram_features": 4096,
    "ngram_range": [
      3,
      5
    ]
  },
  "filter_type": "learned",
  "inserted_keys": 399840,
  "k": 21,
  "memory_per_kmer_bytes": 1.2256202480992398,
  "memory_usage_bytes": 490052,
  "p50_latency_us": 16.332131251692772,
  "p95_latency_us": 16.332131251692772,
  "p99_latency_us": 16.332131251692772,
  "run_id": "learned_synth_k21_k21_f65d2a8089_run0",
  "throughput_qps": 61122.52531875742,
  "true_positive_rate": 1.0
}