{
  "avg_latency_us": 10.877911113978675,
  "build_time_seconds": 15.293147584074177,
  "cache_proxy": {
    "batch_size": 5000,
    "random_qps": 97439.7168777288,
    "repeated_qps": 102116.73764777085,
    "sequential_qps": 96642.324258681
  },
  "dataset_name": "synth_k21",
  "extra_stats": {
    "actual_memory_usage_bytes": 719319,
    "build_time_seconds": 15.262883166084066,
    "built": true,
    "filter_name": "learned",
    "has_backup_filter": true,
    "inserted_keys": 399840,
    "model_eval": {
      "accuracy": 0.49973322662398295,
      "avg_precision": 0.510092831186517,
      "false_positive_rate": 0.0,
      "model_false_negative_count": 399839.0,
      "model_false_negative_rate": 0.9999974989995999,
      "model_fnr": 0.9999833358329584,
      "model_fpr": 0.0,
      "roc_auc": 0.5122854213377428,
      "selected_threshold": 0.5538616588821563,
      "target_model_fpr": 0.001,
      "threshold": 0.5538616588821563,
      "true_positive_rate": 1.6664167041610424e-05,
      "used_fallback_selection": 0.0
    },
    "parameters": {
      "backup_false_positive_rate": 0.001,
      "k": 21,
      "model_threshold": 0.5538616588821563
    },
    "target_false_positive_rate": 0.001
  },
  "false_positive_rate": 0.0016,
  "filter_params": {
    "backup_false_positive_rate": 0.001,
    "model_threshold": 0.5
  },
  "filter_type": "learned",
  "inserted_keys": 399840,
  "k": 21,
  "memory_per_kmer_bytes": 1.7990171068427372,
  "memory_usage_bytes": 719319,
  "p50_latency_us": 10.886120848590508,
  "p95_latency_us": 10.886120848590508,
  "p99_latency_us": 10.886120848590508,
  "run_id": "learned_synth_k21_k21_a0d8f21c39_run0",
  "throughput_qps": 91929.41452839678,
  "true_positive_rate": 1.0
}