{
  "avg_latency_us": 23.260941699845716,
  "build_time_seconds": 477.3410566250095,
  "cache_proxy": {
    "batch_size": 5000,
    "random_qps": 45204.97073103297,
    "repeated_qps": 47713.89466646233,
    "sequential_qps": 44783.538900797335
  },
  "dataset_name": "pseudomonas_aeruginosa_k21",
  "extra_stats": {
    "actual_memory_usage_bytes": 11181733,
    "build_time_seconds": 474.8834073749895,
    "built": true,
    "filter_name": "learned",
    "has_backup_filter": true,
    "inserted_keys": 6212635,
    "model_eval": {
      "accuracy": 0.49980791827405446,
      "avg_precision": 0.7310760074956633,
      "false_positive_rate": 0.0,
      "model_false_negative_count": 6212632.0,
      "model_false_negative_rate": 0.999999517113109,
      "model_fnr": 0.9999989273309634,
      "model_fpr": 0.0,
      "roc_auc": 0.7469330017471747,
      "selected_threshold": 0.9231056766847437,
      "target_model_fpr": 0.001,
      "threshold": 0.9231056766847437,
      "true_positive_rate": 1.0726690365501249e-06,
      "used_fallback_selection": 0.0
    },
    "parameters": {
      "backup_false_positive_rate": 0.001,
      "k": 21,
      "model_backend": "ngram_sgd",
      "model_threshold": 0.9231056766847437,
      "ngram_features": 4096,
      "ngram_range": [
        3,
        5
      ]
    },
    "target_false_positive_rate": 0.001
  },
  "false_positive_rate": 0.0009,
  "filter_params": {
    "backup_false_positive_rate": 0.001,
    "model_backend": "ngram_sgd",
    "model_threshold": 0.5,
    "ngram_features": 4096,
    "ngram_range": [
      3,
      5
    ]
  },
  "filter_type": "learned",
  "inserted_keys": 6212635,
  "k": 21,
  "memory_per_kmer_bytes": 1.7998374280800338,
  "memory_usage_bytes": 11181733,
  "p50_latency_us": 23.260941699845716,
  "p95_latency_us": 23.260941699845716,
  "p99_latency_us": 23.260941699845716,
  "run_id": "learned_pseudomonas_aeruginosa_k21_k21_ddf41a4ee3_run0",
  "throughput_qps": 42990.5208870642,
  "true_positive_rate": 1.0
}