{
  "avg_latency_us": 3.0428792000748217,
  "build_time_seconds": 3.693352458998561,
  "cache_proxy": {
    "batch_size": 5000,
    "random_qps": 308773.54804747464,
    "repeated_qps": 458647.8095354877,
    "sequential_qps": 317183.40527506534
  },
  "dataset_name": "borreliella_burgdorferi_k15",
  "extra_stats": {
    "actual_memory_usage_bytes": 3407872,
    "build_time_seconds": 3.5675449579721317,
    "built": true,
    "filter_name": "cuckoo",
    "fingerprint_only_false_positive_rate": 0.0001220703125,
    "inserted_keys": 1290666,
    "insertion_failures": 0,
    "load_factor": 0.6154375076293945,
    "parameters": {
      "bucket_count": 524288,
      "bucket_size": 4,
      "capacity": 1290666,
      "fingerprint_bits": 13,
      "max_relocations": 500,
      "random_seed": 7
    },
    "target_false_positive_rate": 0.0009765625
  },
  "false_positive_rate": 0.0004,
  "filter_params": {
    "bucket_size": 4,
    "capacity": 1290666,
    "false_positive_rate": 0.001,
    "fingerprint_bits": 13
  },
  "filter_type": "cuckoo",
  "inserted_keys": 1290666,
  "k": 15,
  "memory_per_kmer_bytes": 2.640398058056848,
  "memory_usage_bytes": 3407872,
  "p50_latency_us": 3.0428792000748217,
  "p95_latency_us": 3.0428792000748217,
  "p99_latency_us": 3.0428792000748217,
  "run_id": "cuckoo_borreliella_burgdorferi_k15_k15_d3bdfdbe75_run0",
  "throughput_qps": 328636.1154183876,
  "true_positive_rate": 1.0
}