{
  "avg_latency_us": 3.8988020998658617,
  "build_time_seconds": 4.719213458010927,
  "cache_proxy": {
    "batch_size": 5000,
    "random_qps": 302492.53233775287,
    "repeated_qps": 328418.01030784287,
    "sequential_qps": 279653.78840457776
  },
  "dataset_name": "borreliella_burgdorferi_k15",
  "extra_stats": {
    "actual_memory_usage_bytes": 4456448,
    "build_time_seconds": 4.536480874987319,
    "built": true,
    "filter_name": "cuckoo",
    "fingerprint_only_false_positive_rate": 7.62939453125e-06,
    "inserted_keys": 1290666,
    "insertion_failures": 0,
    "load_factor": 0.6154375076293945,
    "parameters": {
      "bucket_count": 524288,
      "bucket_size": 4,
      "capacity": 1290666,
      "fingerprint_bits": 17,
      "max_relocations": 500,
      "random_seed": 7
    },
    "target_false_positive_rate": 6.103515625e-05
  },
  "false_positive_rate": 0.0,
  "filter_params": {
    "bucket_size": 4,
    "capacity": 1290666,
    "false_positive_rate": 0.0001,
    "fingerprint_bits": 17
  },
  "filter_type": "cuckoo",
  "inserted_keys": 1290666,
  "k": 15,
  "memory_per_kmer_bytes": 3.4528282297666477,
  "memory_usage_bytes": 4456448,
  "p50_latency_us": 3.8988020998658617,
  "p95_latency_us": 3.8988020998658617,
  "p99_latency_us": 3.8988020998658617,
  "run_id": "cuckoo_borreliella_burgdorferi_k15_k15_fc4562960c_run0",
  "throughput_qps": 256489.03801360042,
  "true_positive_rate": 1.0
}